Symbol,O_Con,O_NFIB,O_MLL1,A_Con,A_NFIB,A_MLL1,NFIB,H3K4me3,TF,Adipo,Osteo,Cluster
1500009L16Rik,1.714152475,1.650957445,-8.252235565,5.884279331,-2.097776942,-5.029248575,2.296627824,1.787945713,0,0,0,cluster2
A530016L24Rik,0.773881288,1.03021211,-0.519949125,4.063868257,-3.585914932,-1.773698797,1.149132455,1.37075838,0,0,0,cluster3
Abca1,1.86174704,6.888385345,0.575778514,3.776418282,-2.151568067,-1.519818137,2.17503496,1.84161233,0,0,0,cluster3
Abhd15,1.414648518,-0.256023047,-0.394159119,3.219146485,-3.508747073,-3.608534455,2.350037773,0,0,0,0,cluster3
Acacb,2.423746938,2.50207819,-1.083076636,2.121201432,-1.46038405,-0.684926465,1.76252833,0,0,0,0,cluster1
Acadm,0.738779133,6.690138158,-0.111544456,1.582897647,-1.675392256,-1.244648152,1.935325225,1.584191216,0,0,0,cluster3
Acat3,1.587123722,0.768602738,-0.58707908,3.055647751,-2.148851126,-2.2937264,4.157759137,1.400557475,0,0,0,cluster3
Acsl1,-0.584767617,4.747932342,-1.173927109,3.708918486,-4.511812127,-4.585921965,1.558698523,1.217384838,0,0,0,cluster3
Acsm3,1.512142021,0.398438067,-1.937622492,5.148757155,-3.82692303,-3.457225133,0,0,0,0,0,cluster1
Actn3,1.76105208,2.068420894,-1.841060147,2.893854154,-0.962182861,-3.214922168,1.483880994,1.219148948,0,0,1,cluster1
Adamts15,5.897632203,2.281752713,-1.469122882,9.098292092,-4.343498557,-3.285744664,3.055049105,0,0,0,0,cluster2
Adamts8,9.918230621,-0.386770203,-3.733574395,7.389071488,-5.804202951,-6.434505061,1.287384081,0,0,0,0,cluster2
Adgrf1,9.340104216,-0.715031291,-2.068091738,3.87122318,-3.871317147,0.356361744,2.385644406,0,0,0,0,cluster1
Adig,1.99981001,-2.387902934,-1.066688429,6.697193783,-6.112325251,-7.327589851,1.108351148,0,0,1,0,cluster3
Adipoq,-3.140355623,-3.671615852,5.13E-15,12.16270787,-9.992876832,-8.838907622,2.068033241,0,0,1,0,cluster3
Adrb3,-3.140355623,-3.672140768,5.13E-15,6.561538684,-5.976670152,-7.191934752,0.958568039,0,0,1,0,cluster3
Agpat2,0.666423865,4.57232505,-1.570410924,3.130378627,-2.99130985,-3.378054918,1.712170378,2.034244357,0,0,0,cluster3
Agt,7.402497217,5.911158873,0.927598001,10.6102366,-6.855443071,-2.267174461,1.398638398,0,0,0,0,cluster3
Aifm2,0.965086512,4.648658097,-0.428180073,1.477880752,-1.909500344,-1.073852993,2.124072603,1.936941189,0,0,0,cluster3
Akr1c13,1.437152339,4.406292279,0.038311595,1.282662933,-2.428187344,-1.137099279,0,2.240069916,0,0,0,cluster3
Aldh6a1,1.38410562,5.494649705,0.343036882,2.624860317,-2.147201389,-1.337943671,0,1.276244078,0,1,0,cluster3
Angpt2,2.100494106,2.110422421,1.036539264,2.16981877,-2.502488081,-1.602275464,3.021477137,0.297990952,0,0,0,cluster3
Angptl1,1.549793042,-1.942622242,-0.304579802,6.760519725,-3.005726184,-4.390915787,0,0,0,0,0,cluster3
Angptl4,2.973473425,4.618288235,-0.51086532,2.597398185,-2.695339479,-1.827614716,1.53967992,1.210301713,0,0,0,cluster3
Ankef1,4.087761124,0.403763428,-3.552249576,8.004248602,-2.374985949,-5.46471967,0.79393168,2.103465544,0,0,0,cluster2
Aoc3,1.994752111,3.85003765,-1.876856568,6.667669913,-3.064879476,-3.456092866,1.221180343,0,0,0,0,cluster2
Apmap,-0.838629916,4.588251156,-0.059153295,1.710006756,-1.924627134,-1.711191073,0,1.139815392,0,0,0,cluster3
Apoc1,5.092030228,1.919463574,-0.145375519,7.26977256,-0.618814836,-0.138617395,1.857287918,0,0,0,0,cluster3
Apoc4,5.898278772,0.355831674,-1.425465345,4.499254405,-0.007495277,-1.042187631,0,0,0,0,0,cluster1
Apoe,6.55627384,4.919882333,-2.644244921,6.860252062,-2.063333055,-1.895701544,1.381615614,0,0,0,0,cluster2
Apol6,1.159421618,0.391278672,-1.563313367,6.581716562,-1.206771103,-2.647328015,1.124339158,0.386582857,0,0,0,cluster2
Aqp7,3.452344319,-1.534581176,-8.279467407,6.166679067,-5.581810534,-5.21211264,1.327932303,1.348801152,0,0,0,cluster1
Arhgap28,0.562761295,4.673333585,-1.364682136,1.311980327,-6.466651335,-1.38860852,5.744536779,1.448431431,0,0,0,cluster3
Arl4a,0.708592262,3.060606238,-0.094314876,1.538055333,-1.145831882,-1.686799621,1.98537674,1.462052986,0,1,0,cluster3
Arxes2,1.805914113,-1.733298454,-4.289535183,-0.17317094,1.243466297,0.095315891,0.892419408,0.297990952,0,0,0,cluster1
Aspg,6.399572127,4.921964422,0.652272253,6.389071484,-5.389165455,-0.734065337,1.379041459,0,0,0,0,cluster3
Atp1a2,9.102811287,-1.040711847,-4.110941657,9.048416185,-6.141619555,-5.871457329,1.581756194,0,0,0,0,cluster2
Atp6v0d2,4.068240154,-0.000814847,-2.99050456,0.28626068,-2.28635465,-1.916656753,0.768839518,0,0,0,0,cluster1
Atp6v1c2,2.653443814,1.983740519,-2.735825171,0.77436164,1.78451168,-1.30522204,1.432403976,0,0,0,0,cluster1
B3galt2,5.729716757,-1.278145419,-8.684951809,5.112231283,-4.942400251,-5.420699252,0,0,0,0,0,cluster1
Bcar3,0.476311038,4.245395357,-0.91548759,1.166478925,-1.170631113,-1.794175847,3.52505666,2.128506801,0,0,0,cluster3
Bcat2,0.788229957,6.384042111,0.157832995,2.528115678,-1.9241021,-1.470835563,1.84645825,1.272192142,0,0,0,cluster3
Bhlhb9,2.055771219,-1.321930854,-8.437681418,0.231219315,-1.733813626,-2.949078228,0.936609257,0,0,0,0,cluster1
Bmper,1.859575855,5.36160022,-1.468672733,-0.417300341,0.526884828,-0.578830311,2.17378494,3.973212695,0,0,0,cluster1
Bmx,3.65883049,2.741207678,-4.468549604,3.148757155,1.099076387,-1.779153229,0.557380754,0,0,0,0,cluster1
C4b,4.955064028,6.30379619,-2.290454274,6.342528898,-0.840680956,0.677370988,1.812886282,0,0,0,0,cluster1
Camk1g,4.141939047,1.894322239,-0.576377377,6.678578105,-1.049315453,-0.514558307,2.419156531,2.905411783,0,0,0,cluster3
Car5b,0.338886603,5.77515636,-0.043242928,2.403938002,-2.706124887,-2.258424476,1.501413022,1.616759421,0,0,0,cluster3
Car9,1.33810065,1.870667742,1.392367057,4.020600804,-3.435732274,-1.864400514,0,0,0,0,0,cluster3
Ccl17,7.946845271,-1.308820186,-2.239220479,1.871223184,-1.701392153,-0.331694252,1.98537674,0,0,0,0,cluster1
Ccl6,3.143224209,1.044441136,0.139951405,6.340161884,-4.077221449,-2.685155736,1.863823062,0,0,0,0,cluster3
Ccrl2,3.191325716,1.642520815,-3.800352553,3.286260679,-1.701392151,1.393198512,10.28141526,1.629017205,0,0,0,cluster1
Cd36,9.511806766,1.414800457,-6.005230481,7.223433841,-5.638565313,-5.853829915,0,0,0,0,0,cluster3
Cebpa,-0.890245289,2.947154567,-2.060008426,2.713681902,-2.041935922,-2.593249727,2.350037773,1.415457023,1,1,0,cluster3
Cfap100,4.493297074,2.176545827,-1.269531881,3.074756575,-1.267495624,0.628748091,1.795167744,1.404814489,0,0,0,cluster1
Cfd,14.09013872,3.60345146,-5.239962436,10.33956953,-8.75470099,-7.969965592,1.423262313,0,0,0,0,cluster2
Chrdl1,2.764299401,0.045818442,-1.499436772,4.441538904,-2.271707875,-2.071934977,2.758739995,0,0,0,1,cluster1
Chst15,2.489322589,4.322192159,-0.10624576,2.856241788,-3.730804877,-1.418592472,2.154201292,0.049665159,0,0,0,cluster3
Cidec,12.44586535,1.98136325,-4.994259784,12.68616972,-10.51633869,-10.14664079,2.634890837,0,0,0,0,cluster2
Ckb,0.971444023,2.059539605,-0.147383061,1.221967002,-1.782528912,-1.247771766,0.955868539,1.266461547,0,0,0,cluster3
Cldn19,-3.193336816,1.00975842,0.319308584,3.908217386,-1.176507469,-0.936577445,1.230767958,0,0,0,0,cluster3
Clu,2.979718854,7.747398842,-1.559219335,5.877088429,-1.218431995,-1.434505055,1.208352756,1.854165924,0,0,0,cluster3
Cnr1,2.23215041,0.888078676,-1.524331515,-0.717491456,-1.126483313,-1.135297037,1.819384083,0.108360346,0,0,0,cluster1
Cntfr,5.208201391,2.305649848,-4.972470635,8.272878476,-6.688009937,-4.903274538,2.350037773,0,0,0,0,cluster2
Col9a2,5.849829966,-0.172580542,-2.633853454,2.73371966,-1.148851124,-0.779153231,1.28324431,0,0,0,0,cluster1
Coq8a,0.980406748,1.852977208,-0.623372811,2.140719836,-1.818885712,-1.213120454,1.560712109,1.838452654,0,0,0,cluster3
Cox8b,8.737918525,-1.486619357,-8.552838536,5.219146486,-4.634277954,-5.849542554,0.99424675,0,0,0,0,cluster2
Crat,0.130287389,5.993680337,-0.616994504,0.979582442,-1.195462068,-1.101776429,1.203677884,0,0,0,0,cluster3
Cuedc1,1.34503975,5.679996774,-1.061315156,-0.089078261,-0.142472214,-0.085450096,2.094598885,2.830914045,0,0,0,cluster1
Cygb,2.41614572,0.829880184,-2.912697839,1.813890004,-1.036376396,-1.792209379,0,0,0,0,0,cluster1
Cyp2d22,4.061221351,1.860514834,-1.870777282,5.541074582,-4.956206049,-0.712039031,1.66222184,1.73376554,0,0,0,cluster1
Cyp2e1,10.53491438,0.134296251,-6.102233797,7.26977256,-6.684904027,-5.578240529,0.551747999,0,0,0,0,cluster2
Cyp2f2,7.741244601,2.828172218,-2.612355529,11.37360298,-6.834538129,-3.209583174,0,0,0,0,0,cluster2
Cyp4f14,1.055484192,-1.222273008,1.482587718,6.084216907,-1.592457778,-0.760416664,1.153654907,0,0,0,0,cluster3
Cyp4v3,0.979644998,4.446704578,-0.915847115,1.972172818,-1.156499627,-1.504721566,2.350037773,1.346665494,0,0,0,cluster3
Dapk1,3.22722857,5.452053523,-1.740000908,1.958501692,-2.649526781,-1.234832711,2.721096369,1.617069782,0,0,0,cluster3
Dclk2,1.632474433,7.649585229,-1.149248616,1.400212042,-0.23177965,0.051912294,2.521991757,1.403537385,0,0,0,cluster1
Dgat1,1.242379544,5.158866665,-0.276324831,1.958186405,-1.953100137,-1.713170112,0,1.609151141,0,0,0,cluster3
Dgat2,0.079072758,3.795778586,-2.206278802,3.673459131,-2.436513905,-2.523517831,1.12583205,1.278877836,0,0,0,cluster3
Dlk1,-1.516389717,1.117016594,-9.465304329,2.570128588,-7.95104434,-10.16630894,1.239277732,0,0,0,0,cluster3
Dlx5,2.039394291,3.965828609,-1.723467008,-0.745489231,-0.521708811,-0.480065109,1.909405691,2.601035311,1,0,1,cluster1
Dmpk,3.802370138,5.465734997,-0.181694607,2.551516324,-1.709739492,-1.982406404,1.363602165,1.447384625,0,0,0,cluster3
Dnajb9,0.57969531,5.350687074,-0.331501607,1.665035946,-1.235039789,-1.461393569,4.961190855,3.377230791,0,0,0,cluster3
Dnajc12,1.372873588,1.834884856,-1.531856735,1.269772556,-1.225472408,-0.392373988,0,1.65908476,0,0,0,cluster1
Dram1,0.545956691,4.698466489,-1.915759299,2.782643196,-1.488675865,-2.374867776,2.009900727,1.002993936,0,0,0,cluster3
Dusp26,2.981856041,-1.527067446,-3.002509134,1.996754066,-0.411885529,-1.04218764,1.72580899,2.458425355,0,0,0,cluster1
Dyrk4,1.043932796,-0.055998955,-1.53440136,1.959279357,0.417002552,-0.735526294,1.576999032,0,0,0,0,cluster1
E230025N22Rik,1.560237753,0.518971034,-2.062565939,1.205340683,-0.035509653,-0.420699255,1.988493501,0.248325793,0,0,0,cluster1
Ece2,1.185935314,1.646416163,-0.442645074,2.007981317,-1.175185274,-1.644023952,1.151439912,0,0,0,0,cluster3
Ecscr,1.557753382,-0.83896141,-2.248541023,2.456185681,-3.286354653,-0.729029747,1.233769831,0,0,0,0,cluster1
Efhd1,0.057326594,3.197798236,-2.287646705,3.145809871,-2.853723091,-2.70441526,2.605476662,0.523741673,0,0,0,cluster3
Efna2,0.493820187,1.568705099,-0.349802197,1.169590658,-1.196156841,-1.138402947,1.226781833,0,0,0,0,cluster3
Ehf,2.362424018,2.907603536,-1.568957011,4.83288536,-0.845168741,-0.486001508,2.643792495,0,1,0,0,cluster1
Elobl,1.445872105,2.011593679,-2.181163685,1.755745962,-0.347755195,-1.69426433,0,0,0,0,0,cluster1
Enpep,1.272667028,1.801414299,-0.83822577,3.281207451,-1.442582329,-1.308262492,1.67859841,1.964532944,0,0,0,cluster3
Enpp1,1.496431951,3.096165083,-1.538891552,0.547355544,-1.833407065,-0.327387694,3.45161798,0,0,0,1,cluster1
Entpd2,1.063706707,-0.156007665,-1.466064262,3.935353527,-0.765522487,-0.707768593,1.205940436,0.297990952,0,0,0,cluster3
Entpd3,0.904421078,1.537079487,-2.826216467,3.849196873,-1.016400831,-2.742627351,3.83839503,0,0,0,0,cluster3
Epas1,0.874093692,5.403169804,-3.002524892,4.136086983,-3.007101006,-3.041650016,2.315979255,0.264164952,1,0,0,cluster3
Ephx2,10.97732604,2.121399305,-1.812433291,7.45618569,-4.87131715,-5.627150132,2.115033996,0,0,0,0,cluster3
Fabp4,-0.002495564,2.100580494,0.063709583,8.640910781,-9.570615424,-7.364416257,0,4.271203647,0,1,0,cluster3
Fam110c,-0.124203414,0.211323246,0.416630801,2.095056135,-3.625664824,-4.177964412,1.717335296,0,0,0,0,cluster3
Fam13a,6.581949601,1.382183694,1.367697766,8.472487496,-3.565690868,-1.845495721,0,8.343746659,0,0,0,cluster3
Fam43a,2.761692618,6.513777503,-1.44156088,2.173198014,-1.090527785,-1.639318807,2.219480119,1.477850679,0,0,0,cluster1
Fam83a,6.066717987,0.361457294,-1.272842988,8.231970527,-6.64710199,-1.979723545,1.141030737,1.123121014,0,0,0,cluster2
Fasn,-1.067692509,7.551642403,-0.290574566,0.97614843,-1.187933542,-1.334974843,1.577882505,1.120978371,0,0,0,cluster3
Fat4,-0.213902628,5.740771205,0.721684919,2.70942106,-1.178247538,-1.372948974,2.383136897,2.043366529,0,0,0,cluster3
Fbln7,2.258583736,0.914202945,-1.012568035,3.821182498,-0.712752012,-1.242125203,1.839159997,0,0,0,0,cluster1
Fcor,1.804800955,0.317414041,-1.232051187,3.804108983,-2.716740114,-3.019467556,0.747739292,1.691819599,0,0,0,cluster2
Fgd4,4.550406657,0.897501951,-1.443166541,2.762288808,-1.039916755,-2.129650475,0.721034317,2.503123998,0,0,0,cluster1
Fgfr2,1.397743616,3.456579768,-1.425767763,1.61938698,-3.426835873,0.294537464,2.071743827,0.616071182,0,0,0,cluster1
Fgfr3,1.321054858,2.386771162,-2.117163254,0.723735568,0.429416722,-0.785847879,1.139626752,0,0,0,0,cluster1
Fndc5,6.853976496,-2.780432883,-6.670143474,1.411791572,-0.826923039,-2.04218764,3.21171829,0,0,0,0,cluster1
Frat1,1.557753382,-0.820331556,-1.794511958,1.511327232,-0.926458704,-2.36411573,1.604903845,0,0,0,0,cluster1
Fxyd1,2.4851958,4.049292662,-1.320739793,4.530883047,-0.808986269,-2.112456641,0,2.521461903,0,0,0,cluster1
Fxyd7,4.153997166,0.059995722,-0.728433809,4.581716566,-0.411885533,-1.752681014,0,0,0,0,0,cluster3
G0s2,-0.31142324,1.761615561,-2.141885342,6.200999137,-1.829534245,-2.452883585,4.059156154,0,0,0,0,cluster3
Gabbr1,2.985627134,5.955060958,-3.804505695,0.617205647,-0.320462504,0.175188056,1.736984441,1.29504244,0,0,1,cluster1
Garnl3,2.685429654,4.094242107,-2.776694456,2.329329401,-0.270529683,-2.160024123,2.902987838,1.671779748,0,0,0,cluster1
Gjb5,-1.942986071,0.008066464,-1.536380852,2.411791561,-2.615418925,-2.589675427,1.685896663,4.17187333,0,0,0,cluster3
Glul,3.010380572,8.747978526,0.095909202,3.790506921,-2.59211828,-1.188956265,2.405991054,0,0,0,0,cluster3
Gm12216,2.878061727,0.099259687,-1.660442125,2.82682906,-1.826923032,-1.457225134,3.068104871,1.966740284,0,0,0,cluster1
Gm2004,1.136955269,3.131045362,-2.745168683,5.838056319,-5.253187787,-0.201665846,0,3.831312242,0,0,0,cluster3
Gm2a,-0.58516166,3.21840874,-1.90270758,1.5630695,-3.329423372,-1.508162097,1.42458042,0.63989636,0,0,0,cluster3
Gm3055,7.946845271,-1.535834394,-4.440800041,1.182309714,-0.327352022,-0.315206127,0,0,0,0,0,cluster1
Gm3435,1.175225909,0.961195666,-1.916867871,0.981157207,-1.028556893,0.092461894,0,0,0,0,0,cluster1
Gm42674,0,-2.955683757,5.13E-15,2.613425421,-1.765522488,-3.24382149,0,0,0,0,0,cluster3
Gm4767,4.943461526,-0.843597681,-7.899003082,-0.822673693,-1.329423373,1.060174085,0,0,0,0,0,cluster1
Gnpat,0.489367752,6.415278598,-0.165536664,1.625600743,-2.13528448,-1.638674468,1.437523106,1.271659063,0,0,0,cluster3
Gp1bb,1.370591667,-1.561089188,-0.001237386,2.429713469,-0.707341416,-1.252754618,1.144620388,5.065846186,0,0,0,cluster3
Gp5,2.435449547,-0.854252752,-1.32062202,2.219146494,-0.634277954,-1.527614457,0.859047421,0,0,0,0,cluster1
Gpat3,-0.210197768,3.256347591,-1.074435677,2.38620615,-3.019977908,-2.298925799,1.456001664,1.268317362,0,0,0,cluster3
Gpd1,5.408297633,3.214368993,-2.64998308,7.658136304,-7.073267775,-6.703569875,0,0,0,0,0,cluster2
Gpm6b,2.211489466,5.136103472,-0.997785261,6.80173808,-2.563097891,-2.788277961,2.288194674,3.178570156,0,0,0,cluster3
Gpt,0.98166265,3.023373716,-0.372318425,2.86245297,-3.540618846,-3.042187632,0,1.340959285,0,0,0,cluster3
Gpx4,1.872316743,9.639586196,-1.520615046,0.704200569,-0.949591514,-0.835861024,1.580934502,1.035443308,0,0,0,cluster1
Gramd1c,1.745857935,2.418720631,-1.100609213,1.929639866,-0.062735969,-1.149102836,1.548888532,1.155843693,0,0,0,cluster1
Grhl1,1.819772054,-0.931280796,-1.94257685,3.996754061,-2.189493111,-3.404757712,1.286925447,1.303710416,0,0,0,cluster1
Gstm1,1.778469091,7.803988603,-1.596520198,1.826745413,-1.968396978,-1.134410629,1.566691849,2.681918569,0,0,0,cluster3
Gstz1,0.345636939,6.237554975,-0.163462366,1.440994095,-1.130725289,-1.09833071,1.922758178,1.217299072,0,0,0,cluster3
Hacd2,1.600566737,5.721542368,-0.375084386,2.380897553,-1.449853383,-1.724011672,1.917136078,1.580389826,0,0,0,cluster3
Hic1,2.315499916,0.488053961,-1.077134366,1.961988643,-2.184475035,-1.114337419,1.556106093,0.657016196,1,0,0,cluster1
Hp,4.146470557,6.351565823,-1.10827315,7.660790288,-5.117228732,-5.729682832,2.473723972,1.528823146,0,0,0,cluster3
Hvcn1,1.561652643,0.843307223,-1.979365562,1.129061353,-1.217382508,-1.232709539,1.265404955,0,0,0,0,cluster2
Hyal1,1.645221748,2.507778511,0.392502676,2.214934232,-2.659813046,-1.290115146,0,1.282264097,0,0,0,cluster3
Igf1,1.380408491,4.39648051,-6.366726957,4.832229048,1.767887256,-1.480772466,3.720893141,0,0,0,1,cluster1
Igf2,3.41849423,-1.603128299,-4.924326813,3.935353516,-0.618681098,-2.980787088,1.690880837,0,0,0,1,cluster2
Igfals,3.473045496,0.339954313,-1.986630774,2.935353521,-3.350484984,-2.980787091,1.386123975,0,0,0,0,cluster1
Igfbp3,1.656904217,1.300791931,-1.909629612,1.743200709,-6.666126816,0.60845654,2.676431909,0.240928855,0,0,1,cluster1
Igfbp5,2.035050113,3.697263288,-1.785127911,8.193879723,-9.778936193,-4.834329461,1.175018887,4.767855234,0,0,1,cluster2
Il1rn,0.072088012,10.05123758,-1.673003709,3.311254348,-1.635241342,-1.405004099,0,0.350577591,0,0,0,cluster3
Iqgap2,4.588205917,4.964144098,-6.385271611,6.213071969,-3.289401526,-1.283472455,2.423476454,0,0,0,0,cluster3
Irak3,0.398012181,2.534555016,-0.987471392,1.270676784,-1.209780125,-1.105003741,0.948639101,0,0,0,0,cluster3
Ism1,4.914731902,1.33566306,-3.53534835,6.096289734,0.077828654,-2.394489376,0,2.167206925,0,0,0,cluster1
Izumo4,2.698557796,3.635193657,-0.366663743,2.254250284,-1.398079733,-1.084415868,0.78830381,0,0,0,0,cluster3
Kcne4,1.678975403,-0.371128215,-6.099210734,2.942306276,-2.720007827,-4.742627351,1.566691849,2.145534855,0,0,0,cluster2
Kctd12,-0.267186455,2.738910402,-1.615717276,2.770986914,-1.357729763,-4.619288016,1.175018887,0,0,0,0,cluster3
Kctd19,3.735453772,1.590077661,-3.142736759,4.441538906,-0.797776686,-2.102308625,0,2.383927617,0,0,0,cluster1
Klhl6,3.570243126,-2.235867726,-7.441836253,1.411791572,1.758039461,-2.04218764,3.952336255,0,0,0,0,cluster1
Ldhb,2.717891599,5.855493294,-0.763788223,3.55879797,-1.168036956,-1.07017936,0.633718051,1.419004534,0,0,0,cluster3
Lgals12,9.340104216,-0.746121461,-2.387368991,7.219146487,-5.049315455,-5.849542555,1.650621769,0,0,0,0,cluster2
Lipe,2.043186785,3.863011234,-0.46845371,4.331887695,-3.904560443,-3.14783942,1.524237787,1.325545959,0,0,0,cluster3
Lmod1,0.669265571,3.387856593,-0.490788729,2.476170789,-1.551169569,-1.52351395,1.701751491,0,0,0,0,cluster3
Lpl,7.534318445,2.639650249,-7.722107438,10.80282029,-7.839440135,-9.362827032,1.280244459,0,0,0,0,cluster2
Lrg1,4.486022572,-1.68226313,-0.674339232,5.456185684,-2.549389054,-2.916656753,0,0,0,1,0,cluster3
Lrp3,2.937746004,-1.340228581,-8.552838536,3.184381066,-0.540618846,-4.399739637,1.266817237,1.620535065,0,0,0,cluster1
Lrrc36,2.729887677,-0.296506898,-1.863681855,2.82682906,-1.241960532,-1.23483271,3.055049105,0,0,0,0,cluster1
Lum,4.63821984,4.977725233,3.225296353,5.849196875,-0.249378003,-0.107453404,0,4.668524917,0,0,0,cluster3
Maf,3.977304185,5.612496004,0.460417653,4.3285577,-2.570852574,-1.854617112,7.05011332,2.727763331,1,0,0,cluster3
Map7d2,6.184563528,2.729328828,0.501371581,9.47338777,-2.313610404,-2.964232489,1.2076583,13.11160189,0,0,0,cluster3
Mc2r,8.16840216,-0.928701481,-0.347612117,6.678578105,-6.093709573,-3.724011674,1.589731435,1.993456714,0,0,0,cluster3
Mc5r,4.45588934,1.445734938,-0.665220638,5.302562493,-7.302656463,-5.710566142,0,1.291294126,0,0,0,cluster3
Mcam,-0.63936445,1.32897899,-1.410738366,1.848778033,-3.904367117,-2.731361128,3.084424578,4.767855234,0,0,0,cluster3
Mcrip2,1.933307781,2.721007695,-0.746439181,1.982948262,-1.720007827,-1.172771742,1.28324431,1.269806343,0,0,0,cluster3
Mdfi,3.821907122,1.383988902,-3.293212741,3.871223184,-1.701392153,-1.50161925,2.129721732,0.47891403,0,0,0,cluster1
Mep1a,2.623882593,1.742415603,-2.394696953,0.634183982,-0.464352952,-1.042187632,3.041225354,0,0,0,0,cluster1
Mfap5,0.577984857,3.707214422,-2.505597578,2.225023049,-2.962082614,-3.699299919,0,1.254698746,0,0,0,cluster3
Mfsd12,0.408699259,3.490371292,-0.219323709,1.853581788,-1.238178891,-1.499490859,2.06518471,0,0,0,0,cluster3
Mfsd4b1,1.61699582,0.493616178,-1.27708818,1.2349138,-0.028556893,0.791802416,2.676431909,0,0,0,0,cluster1
Mgll,-1.132355288,3.565949098,-1.505391106,3.093080179,-1.571405476,-3.282903659,2.350037773,1.096181002,0,0,0,cluster3
Mgst2,3.859507908,1.307398957,-2.255531212,2.914291901,-2.914385868,-2.129650471,1.388658684,2.817369002,0,0,0,cluster1
Mrap,5.530751475,0.162267289,-6.110176474,7.026501415,-6.441632872,-7.656897468,1.370855368,0,0,1,0,cluster2
Myo7a,3.267361996,-0.770966566,-1.419399813,5.219146487,-1.826923031,-2.564140336,2.004443983,0,0,0,0,cluster1
Nabp1,1.083588238,5.59312965,-0.52999873,3.046814366,-2.921701257,-2.975376715,1.723361034,1.541812926,0,0,0,cluster3
Ndrg2,6.490790607,1.410970159,-4.987197485,3.757566399,-4.172697871,-1.580607548,1.175018887,0.162540519,0,0,0,cluster1
Nkd1,2.641339789,-0.60631056,-3.720368656,2.482180888,-0.049315453,-2.264580056,2.401125551,0.249927895,0,0,0,cluster1
Nkd2,7.946845271,-2.057178961,-7.76210385,-0.588208429,4.980431891,-0.042187624,2.937547217,0.216720692,1,0,0,cluster1
Npb,2.501728325,-1.390533279,-1.899685909,1.996754066,0.173076965,-0.305222036,1.02437544,0,0,0,0,cluster1
Nr1h3,2.125083467,0.612280472,-0.474114949,5.42301882,-3.668225286,-2.76801267,2.990957166,0,1,0,0,cluster3
Ogn,1.304434417,9.851063626,-0.670033049,3.122690395,-1.121317347,-1.129196128,0,1.936459003,0,0,0,cluster3
Olfm2,4.580222598,4.046996381,-2.151448444,4.748074948,-0.930545663,1.628275812,2.880691464,0.567601814,0,0,0,cluster1
Olfml1,1.772761057,1.28978471,-3.034179993,4.804108993,-2.219240453,-1.264580055,0.475288538,3.575891425,0,0,0,cluster3
Olr1,4.119575119,-2.046904558,1.577505794,6.903644661,-4.73381363,-6.53404072,0,0,0,0,0,cluster3
Orm1,11.04600551,3.371041626,2.454749548,9.411791564,-5.01956811,-2.412831012,1.492591559,0,0,0,0,cluster3
Orm2,5.962455664,0.996637882,1.829871895,7.219146487,-4.634277953,-2.294953703,0,0,0,0,0,cluster3
Orm3,6.028299138,4.579597398,3.910982997,7.055647754,-4.470779221,-0.170343984,1.032259583,0,0,0,0,cluster3
Otor,-2.092921274,-0.781017538,-2.422873112,3.134257585,-0.623389637,-1.331694251,1.68908965,0,0,0,0,cluster3
P3h2,-0.120512674,2.330813603,-0.523893975,2.584918994,-1.184475037,-1.107627197,2.022125526,1.044903339,0,0,0,cluster3
Pank3,-0.113336784,6.837324576,0.691170025,1.456902794,-2.515207809,-1.635113511,1.904340954,1.412455282,0,0,0,cluster3
Paqr4,-0.88008978,4.473340642,-0.810447901,1.729239233,-1.420888338,-2.057979605,0,1.066493934,0,0,0,cluster3
Pcx,1.504539385,6.924826011,-0.589088197,3.940940645,-2.81467863,-2.313538959,2.398996894,1.64948527,0,0,0,cluster3
Pdk4,5.576520781,6.632206489,-0.436036117,2.320896578,-3.410116439,-1.160174784,2.350037773,3.666191714,0,0,0,cluster3
Pik3ap1,2.251702543,-1.046441772,-4.386278612,1.148757156,2.099076386,-0.779153231,2.229523016,0.37248869,0,0,0,cluster1
Pik3c2b,1.391342817,3.286263643,-0.176775078,1.924439856,-1.158999081,-1.221412194,1.801695626,1.082740033,0,0,0,cluster3
Pitpnc1,2.085336999,2.745081549,-1.048418431,0.605671294,-1.040702323,0.308817695,2.071743827,1.294031576,0,0,0,cluster1
Pkdcc,2.717368898,4.316439576,-1.898902395,1.681335076,-0.194804465,-0.165611467,2.811652336,1.22381017,0,0,0,cluster1
Plekhg4,1.305284564,3.603033867,-0.519606694,2.822724662,-1.652893631,-1.793611279,1.097582112,0,0,0,0,cluster3
Plin1,11.91711191,1.534981762,-3.749316779,12.02650141,-9.441632875,-7.612503358,1.461608859,0,0,0,0,cluster2
Plin4,2.409172568,8.226147224,-0.283276664,1.935291472,-1.752674287,-1.220544468,0,1.866709841,0,0,0,cluster3
Plpp3,2.42027745,6.847274112,-1.246944929,2.359447633,-1.581378395,-0.996528018,5.035795229,2.979909521,0,0,0,cluster1
Plppr3,3.041127755,3.742130524,-0.311699914,3.487079688,-1.461638567,-1.354975073,0,0,0,0,0,cluster3
Plxnc1,3.254278074,-0.191337789,-1.590068278,2.28626068,0.620535944,-1.179691157,3.084424578,0.57735747,0,0,0,cluster1
Pnpla2,1.748893549,5.388614446,-0.83710988,3.811143767,-4.498895692,-3.675724112,1.553068442,1.615424635,0,0,0,cluster3
Pnpla3,6.62332119,-0.545005161,-4.369582447,5.62124493,-5.036376397,-6.251640998,1.485656064,0,0,0,0,cluster2
Ppa1,-0.60514364,5.434329636,-1.091162131,1.254592965,-2.253838541,-1.92195018,2.169265637,0.207298054,0,0,0,cluster3
Pparg,0.628241511,5.312860608,-1.008441,1.817402193,-1.64539141,-2.08544684,3.818811382,3.150190065,1,1,0,cluster3
Ppp1r1a,6.373529702,-3.020700202,-6.19037213,6.581716566,-5.996848033,-7.212112634,1.047046533,0,0,0,0,cluster2
Ppp1r3c,2.988926713,-0.513996462,2.241578745,7.179975889,-2.135675737,-2.055484455,1.546077482,1.668749332,0,0,0,cluster3
Prickle1,2.75290846,-2.313912175,-7.180460437,1.691899478,-2.914385868,-5.129650473,1.286336465,2.86071314,0,0,0,cluster1
Psmb8,1.573279497,0.48218864,-2.075605708,2.99675406,2.124167368,4.147636926,0.928040395,1.322789105,0,0,0,cluster1
Ptgfr,2.894466238,2.648382741,1.454204957,3.78102537,-3.863581502,-1.084159903,1.492591559,0,0,0,0,cluster3
Ptn,0.294906416,9.01590664,-0.48533041,3.869525641,-1.339498498,-1.212329792,1.618058795,2.681918569,0,0,0,cluster3
Pxmp2,1.160245769,1.054256112,0.24149544,2.14359545,-4.366081842,-1.908921102,2.350037773,0,0,0,0,cluster3
Pxmp4,0.727722047,4.820339086,-0.787078151,2.115204596,-1.339073542,-1.166176349,2.711582046,2.160434403,0,0,0,cluster3
Rab17,3.440270409,-0.332233084,-1.31414941,-0.003245939,1.495005064,0.76516729,2.144409468,0,0,0,0,cluster1
Ramp2,3.539902475,1.234916681,-2.155751326,5.672319111,-3.028556893,-2.042187633,1.150791693,0,0,0,0,cluster2
Rarres2,6.518581158,4.991069652,-1.463313126,9.27907031,-2.740005461,-1.238810123,0.718700872,0,0,1,0,cluster3
Rassf2,3.405556289,6.876096333,-0.858538119,4.266214736,-1.632102688,-1.44500718,5.483421471,0,0,0,0,cluster3
Rcsd1,1.954287798,0.565217529,-1.477305617,0.996754062,0.173076968,0.016706056,2.691172289,0,0,0,0,cluster1
Retn,9.905965035,-0.481754593,-9.720627728,8.977845603,-8.39297707,-8.023279176,0.968180356,0,0,0,0,cluster2
Rgcc,5.827874947,3.204730393,-2.22318788,7.996754061,-2.693067285,-3.672953822,1.827807157,1.282425348,0,0,0,cluster2
Rhobtb1,2.1286909,4.118415266,-0.822872393,1.793127845,-1.322970974,-1.604402499,3.21171829,1.090759334,0,0,0,cluster3
Rilp,2.366257534,0.304057549,-1.231035768,0.96818491,-2.885816723,-2.68604382,1.526091603,0,0,0,0,cluster1
Rnf125,2.853261133,0.792987951,-0.860139644,3.871223181,-3.527362749,-2.844506964,2.182177932,1.505638495,0,0,0,cluster3
Rnf130,1.484638459,-0.219480787,-1.580882881,1.210157699,3.070317394,-2.194190727,1.898107432,0.402690476,0,0,0,cluster1
Rrad,0.270129776,0.931395727,-1.910764897,1.0860214,-1.2483868,-1.656296479,1.122884943,1.489954761,0,0,0,cluster3
Rspo2,1.511977933,7.613248255,-1.738685709,0.511645939,0.438711495,-0.314846009,1.626949228,10.13169237,0,0,1,cluster1
Runx2,1.833298488,5.540325873,-1.725713617,0.205145804,-0.394450939,-1.188194007,2.461944334,2.546468136,1,0,1,cluster1
S100a1,1.073559536,4.122034452,-0.447797225,2.426845907,-2.957454595,-1.677954504,1.472312822,1.289811584,0,0,0,cluster3
S100a8,2.726038871,-2.205389262,1.402533444,5.112231282,-4.52736275,-5.74262735,0,0,0,0,0,cluster3
Satb2,2.135890824,2.565484599,-1.672201843,-0.847295661,0.049694553,-0.054061733,2.937547217,2.145534855,1,0,1,cluster1
Scd1,-0.870540105,7.203215205,-1.042032043,3.281032936,-4.742061685,-4.400590701,4.165976053,1.331837113,0,1,0,cluster3
Scp2,-0.299830754,6.452087843,0.045288905,1.684901,-1.876886683,-1.155370404,2.350037773,1.383529421,0,0,0,cluster3
Scrg1,5.324095015,-1.370037516,-2.756584037,2.73371966,-2.148851128,-0.042187634,0.578183897,0,0,0,0,cluster1
Selenbp1,3.434222933,2.564641237,-1.020517302,5.31386514,-3.880999704,-0.891149875,1.277194442,0,0,0,0,cluster1
Sema3g,0.561408708,-1.276693321,-1.661157593,4.776363992,-1.513423559,-3.72868816,1.239248215,0,0,0,0,cluster3
Sema6b,1.667637595,-0.075026653,-1.280944268,0.485792143,-1.341496204,-0.720259538,1.083569453,0.595981904,0,0,0,cluster1
Sh2b2,0.967403337,1.944679906,-0.085002007,2.304876357,-2.52736275,-2.137765293,2.271703181,1.239642361,0,1,0,cluster3
Shroom1,1.981351645,1.260858477,-1.263084321,0.897218389,-0.933838235,-0.991561559,1.562715474,1.26751081,0,0,0,cluster1
Shroom3,2.577287421,1.089937835,-2.830603212,-0.670670599,-0.52206845,-1.042187633,2.169265637,1.589285078,0,0,0,cluster1
Slc11a1,1.271789062,0.456596576,-1.651530312,-1.638834511,0.950684546,-0.042187632,3.163512387,1.957391548,0,0,0,cluster1
Slc16a4,1.510840333,3.479875514,-1.595868615,2.098292087,-1.606532963,-0.72306361,0,0,0,0,0,cluster1
Slc16a7,6.581949601,-0.130242422,-6.215692124,1.411791572,-0.826923039,-0.457225145,0.72851171,9.535710468,0,0,0,cluster1
Slc16a9,0.96592416,3.391512066,-0.766838223,2.632121515,-1.298791754,-1.099018855,1.822478273,0.394462843,0,0,0,cluster3
Slc1a6,1.882611646,-1.133887402,-3.607527468,0.089863466,1.173076969,-3.042187623,0,1.05786788,0,0,0,cluster1
Slc22a17,3.529845197,1.240506172,-7.023930324,2.375265685,-0.254344255,-4.327589851,0.977281081,0,0,0,0,cluster1
Slc24a4,1.751716068,-1.814431842,-7.556675044,2.73371966,-2.148851128,0.220846771,1.264035469,0.158928508,0,0,0,cluster1
Slc25a10,-0.492023434,5.764664207,-0.352892724,1.279093528,-1.348627998,-1.406351322,1.205147576,1.109044587,0,0,0,cluster3
Slc25a34,4.121752678,3.865719345,-1.641068956,3.726106472,-2.804202955,-1.565511068,0,0,0,0,0,cluster3
Slc25a48,10.07982354,-0.207867606,-3.537596009,1.411791572,-0.826923039,1.765167283,1.650026522,0,0,0,0,cluster1
Slc26a4,9.145170495,-0.75899937,-1.324042042,2.996754064,-2.411885532,-2.627150123,2.029578077,0.357589143,0,0,0,cluster1
Slc2a4,4.947675977,-0.535854907,-2.731120081,8.360158796,-5.453362166,-6.990554864,1.687206607,1.231695935,0,1,0,cluster2
Slc36a2,11.05158391,0.755434257,-7.544829702,6.62124493,-6.036376398,-4.9297129,1.527524553,0,0,0,0,cluster2
Slc5a6,0.350905334,3.238117379,-0.49786376,1.670709859,-2.025468711,-1.762079714,3.52505666,1.407784498,0,0,0,cluster3
Slc6a6,-0.238149219,8.101263432,-0.673630347,1.135350122,-1.167046091,-1.341869267,2.761294384,3.178570156,0,0,0,cluster3
Slc7a13,2.227000015,-0.323518277,-2.472141031,1.581716567,0.810506887,-0.042187635,2.982740251,0,0,0,0,cluster1
Slc9a3r1,1.422371687,3.511496588,-1.13745658,1.097058967,-2.120422718,-1.611090282,1.166297424,1.082671998,0,0,0,cluster2
Sncg,1.176911194,3.639832313,-3.062927625,1.775227864,-1.000641606,0.133115548,1.000444652,0,0,0,0,cluster1
Sned1,3.413739837,9.810126729,2.347898679,7.00296589,-2.622798456,-1.741961652,2.657780815,2.050878906,0,0,0,cluster3
Sorbs1,2.582521774,4.495820815,0.816584911,2.569332838,-1.322333947,-1.588582477,2.676431909,1.661044623,0,0,0,cluster3
Sort1,2.827778859,3.436590682,-1.150578342,4.922226083,-2.834857213,-1.27649775,2.585041551,1.324404232,0,0,0,cluster2
Sparcl1,2.875476255,3.165649375,0.845146516,5.222822141,-1.913927073,-1.349960353,0.532675229,1.62107078,0,0,0,cluster3
Spp1,2.670309087,8.74142345,-2.186391898,0.051839783,-1.49467288,1.367157541,0,1.64974701,0,0,1,cluster1
Srd5a2,3.445375855,-2.126599928,-7.317059512,2.411791562,-0.826923025,-1.04218763,3.253898455,0.332186635,0,0,0,cluster1
Srgn,2.383817421,0.216201409,-4.146171939,1.959279357,-0.551288589,-1.705152646,1.549228723,5.562497773,0,0,0,cluster1
Steap4,-1.41518283,3.121220864,-1.643805588,4.436007798,-2.55345872,-3.143571731,0,1.271428062,0,0,0,cluster3
Strip2,2.511696782,-0.780656365,-2.126440378,3.385796351,-2.28635465,-2.736084504,0,0,0,0,0,cluster1
Sult1a1,9.122112893,6.214328338,0.0636936,8.307475026,-3.697071406,-1.368015491,1.478903082,16.09151141,0,0,0,cluster3
Susd2,-0.541200129,0.399139886,-1.219785708,3.365987871,-1.321687723,-3.138402947,0,0,0,0,0,cluster3
Synm,0.829196391,4.308502595,-1.810506702,2.20548151,-1.497830962,-2.362532378,1.649545745,1.420113131,0,0,0,cluster3
Synpo2,2.458564157,3.239781624,-1.548892654,3.110053626,-2.49717072,-1.499985703,3.035465457,2.724488705,0,0,0,cluster3
Tbkbp1,4.636169829,3.136788285,-1.38513683,3.549295085,-1.038427137,0.198820467,0,0,0,0,0,cluster1
Tfcp2l1,5.152529944,0.28679634,-1.946533103,4.935353516,-4.157839908,-2.565749588,2.801968114,0.504292381,0,0,0,cluster1
Tgm5,0.22981639,-0.371563054,1.366931995,3.170783462,-2.038427136,-1.618976202,2.663376143,0,0,0,0,cluster3
Thrsp,5.681275741,0.602373788,-10.82089341,7.206207431,-5.621338894,-6.251641004,2.129721732,0,1,0,0,cluster2
Timp4,9.429252859,2.596215248,-1.975399598,5.541074582,-2.956206049,-1.042187632,0,0,0,0,0,cluster1
Tmcc3,0.97303802,1.698189986,-0.05563829,1.427166787,-1.884118433,-1.901443656,1.944858847,1.342464289,0,0,0,cluster3
Tmem120b,0.539522579,2.670934669,-0.539002328,1.520316018,-1.432947148,-1.877693595,2.585041551,2.483257934,0,0,0,cluster3
Tmem229b,2.538094587,1.69231391,-1.300936922,2.79645541,0.476469112,1.096710473,1.436134195,1.214760931,0,0,0,cluster1
Tnfrsf21,5.644302217,4.309500366,-2.451755468,4.152873264,-1.889932829,0.84899888,1.869348229,1.0377587,0,0,0,cluster1
Tnmd,-2.029277029,2.424975788,-2.801242759,1.11440565,-1.558106273,-4.417227062,0.715228888,19.07142094,0,0,0,cluster3
Tppp3,2.354174282,4.235958342,-1.15138273,5.245886331,-2.498746372,-1.70064375,1.331688072,0,0,0,0,cluster2
Trf,2.436124728,-0.00946508,-1.585840845,4.112231284,-2.527362747,-0.572702351,1.30854376,1.321781649,0,0,0,cluster1
Trim67,8.39593711,-1.477292616,-2.688097761,4.996754066,-4.411885533,-4.042187639,1.446177091,1.974190058,0,0,0,cluster1
Trp63,-0.527959187,2.433368931,0.96510216,2.207650844,-2.705244475,-1.349760434,2.088922465,0,1,0,0,cluster3
Tspan18,2.221152601,3.214825508,-4.850621113,5.647679825,-0.140813808,-1.79129379,4.700075547,1.43035657,0,0,0,cluster1
Tst,-1.315827613,2.14690054,0.289599051,1.785766404,-1.292045762,-1.302951865,0,1.053832586,0,0,0,cluster3
Ttc38,0.603310846,1.269922019,-1.36377314,1.411791561,-1.756533704,-1.636195273,1.092692723,1.23780857,0,0,0,cluster3
Twist2,1.77039022,2.80546596,-3.602053441,-0.990306883,-0.606797217,0.254148749,2.723907419,3.405610881,1,0,1,cluster1
Ubd,2.088979697,-0.731534493,-2.688097761,4.981647173,-3.226853639,-3.152611622,0,0,0,0,0,cluster2
Ucp3,7.434775797,-2.310166321,-3.929072269,3.733719659,-3.148851127,-4.364115727,0.87483158,0,0,0,0,cluster1
Vit,6.199748593,-0.703155286,-3.631982642,5.73371966,-3.148851126,-2.904684107,1.612235217,3.575891425,0,0,0,cluster1
Wdr93,0.785999524,0.036236678,0.275231333,4.47068525,-3.470779221,-2.226612204,0.921782058,0,0,0,0,cluster3
Wfdc21,2.965162983,-1.279147105,-5.25894298,6.769343569,-6.184475037,-5.077811539,2.844782568,0,0,1,0,cluster2
Wnk4,4.131603196,4.410251327,0.300859247,5.688359122,-4.138256011,-1.83455567,1.672769943,0.119196381,0,0,0,cluster3
Zbtb16,13.37408165,3.16256733,-2.751497723,7.312658378,-7.727789839,-1.29919825,2.790669856,0.476785523,0,0,0,cluster2
Zdhhc23,3.38614886,-0.612500884,-1.821897328,-0.910136528,-0.826923039,-0.04218764,0.914494337,0,0,0,0,cluster1
Zfp467,1.696259905,1.092510171,-1.521296701,1.197666756,-0.612798226,-0.853153808,1.531085216,1.030471938,1,0,0,cluster1
Zfp969,4.531718222,-0.512474467,-5.111275751,-2.395563362,1.758039466,1.957812369,0,0,0,0,0,cluster1
Zfp977,2.173337485,-0.208409557,-1.607900727,2.996754071,0.173076968,-1.305222038,0,0,0,0,0,cluster1