SYMBOL,shControl,shNRF2,shMLL1,shUTX,Cluster,ROS hallmark,MLL1,H3K4,UTX,H3K27,CHE
HHATL,1.191316447,1.473315317,-3.063797244,0.185290701,cluster2,,0,0,0,0,0
AHR,1.478815892,1.352786636,-3.063797244,0,cluster2,,1,0,0,0,0
NQO1,3.706884696,1.283004266,0,-1.276533399,cluster2,ROS,0,1,0,0,1
SSPN,1.076449543,1.185495908,-0.333708422,-3.231044725,cluster2,,0,0,0,0,0
G6PC1,1.386497335,2.44282426,-0.157690503,-0.128690785,cluster2,,0,0,0,1,0
PPP6R2,4.561279621,4.742003557,-0.106452603,3.11187958,cluster2,,0,0,0,0,0
C1orf162,1.132752853,1.288870221,-0.087709586,-0.203199145,cluster2,,0,0,0,0,0
IQUB,6.104917738,2.629302287,-0.084293306,-0.452803351,cluster2,,0,0,0,0,0
TSSC4,2.496702178,1.935351381,-0.055736769,-0.253755458,cluster2,,0,0,0,0,0
EGLN1,4.561279621,4.742003557,-0.009350171,0,cluster2,,0,0,0,1,0
HJV,3.263083527,6.921401858,-0.007614378,4.02592915,cluster2,,0,0,0,0,0
PROK2,5.530397833,4.742003557,0,-0.037680467,cluster2,,0,0,0,0,0
PM20D1,1.931093351,2.578817158,0,-0.606578757,cluster2,,0,0,0,1,0
ZBTB8A,1.22659515,1.127360837,0,0.058576238,cluster2,,0,0,0,0,0
SLAMF9,1.868305315,1.475878842,0,-0.477149245,cluster2,,0,0,0,1,0
GNB1,4.960958855,5.457241365,0.035325203,0.533431446,cluster2,,0,0,0,0,0
SPRING1,1.109510917,1.191085581,0.223008337,-0.032074981,cluster2,,0,1,0,0,0
PLEKHG6,5.748324108,5.143499586,0.236991661,0.794884425,cluster2,,0,0,0,0,0
KICS2,1.069244946,1.120896491,-0.088966859,0.764030721,cluster2,,0,0,0,0,0
IFT27,1.658714917,2.02427294,1.147135302,0.016349946,cluster2,,0,0,0,0,0
ATG12,5.273592895,4.742003557,0.77661449,0.024344868,cluster2,,0,0,0,0,0
AIF1,9.025174153,8.749308034,0,2.258919213,cluster2,,0,0,0,0,0
MAP1LC3B,2.439952457,1.336571281,0.865510004,3.11187958,cluster2,,1,0,0,0,0
PSORS1C1,4.561279621,6.122946036,3.286805581,-2.978038252,cluster2,,0,1,0,0,0
SPDYA,1.035082826,1.436383168,2.897743242,-0.066374014,cluster2,,0,0,0,0,0
FES,1.495674811,2.292665342,3.286805581,-0.349769463,cluster2,ROS,0,0,0,0,1
POLR3D,1.055334466,1.371161633,3.286805581,-0.140285976,cluster2,,0,0,0,0,0
GTPBP1,2.278775903,3.729911893,4.210932547,-0.443544127,cluster2,,0,1,0,0,0
CRISPLD2,1.269391716,1.103579187,5.171445249,0,cluster2,,0,0,0,0,0
CCNB2,1.320564836,0.15472172,-5.240639771,0.034450847,cluster3,,0,0,0,0,0
POU2F3,1.649395871,0.043398241,-4.928219757,0.000969318,cluster3,,0,0,0,0,0
TXNDC2,2.362505693,1.098258531,-0.317958574,-4.152098462,cluster4,,0,0,0,0,0
ZNF337,1.522783506,-0.004168719,-4.928219757,0.078737261,cluster3,,0,0,0,0,0
INPP5F,1.457563686,-0.132497096,-4.528891121,0.44406305,cluster3,,0,0,0,0,0
COL4A2,1.231934932,0.6733545,-4.528891121,-3.231044725,cluster4,,0,0,0,0,0
NDUFAF1,1.216540402,-0.18095422,-3.974842334,3.11187958,cluster3,,1,1,0,0,0
MAL2,1.037349472,0.089262,-1.309796639,-3.231044725,cluster3,,0,1,0,0,0
RC3H1,1.543829066,0.034138475,-3.974842334,-0.119165145,cluster3,,0,0,0,0,0
WAC,1.394201652,-0.557414931,-1.95383419,-3.231044725,cluster4,,0,0,0,0,0
SANBR,1.893433942,0.308735268,-3.063797244,-0.104611864,cluster3,,1,0,0,0,0
PTPN4,1.050194099,-0.174812507,-3.063797244,-0.129989722,cluster3,,0,1,0,0,0
ABL2,1.813003029,0.062957012,-0.144297222,-3.231044725,cluster4,,1,1,0,0,0
ITGA2B,4.561279621,4.183748551,-4.528891121,0,cluster1,,1,0,0,1,0
CFAP54,1.386497335,0.71957323,-3.063797244,0.087988552,cluster3,,0,0,0,0,0
CDKN1B,2.996160259,0.196001974,-4.528891121,0,cluster1,,0,1,0,0,0
PNPT1,1.019119373,-0.366648827,-3.063797244,0.794884425,cluster3,,0,0,0,0,0
TBX21,1.181991314,1.31211235,-3.974842334,0.052334054,cluster1,,0,0,0,0,0
SLC25A13,4.960958855,-1.291421205,-0.12222287,-3.231044725,cluster4,,0,1,0,0,0
YWHAH,1.0480609,-0.431575565,-3.974842334,-3.231044725,cluster1,,1,0,0,0,0
SLC6A6,1.434489441,-0.106872021,-3.063797244,-3.231044725,cluster3,,0,1,0,0,0
KDM5B,1.019618983,-0.130257121,-0.063254521,-3.231044725,cluster4,,0,0,0,0,0
TNRC6A,1.2449295,-0.07921548,-3.974842334,0.026385227,cluster1,,0,0,0,0,0
FBL,1.140367163,0.073339849,-3.063797244,0,cluster3,,0,0,0,0,0
SLC23A2,1.378512685,-0.024938548,-3.063797244,-3.231044725,cluster3,,0,0,1,1,0
NFAT5,1.439671271,0.043759575,-3.063797244,0,cluster3,,0,0,0,0,0
HSPA2,1.302490944,0.036912197,-3.063797244,0.072309607,cluster3,,0,1,0,0,0
TMBIM6,2.496702178,-0.768283876,-3.974842334,0.182772649,cluster1,,0,1,0,0,0
TMX1,1.313167245,0.030117106,-3.063797244,0.1134722,cluster3,,0,1,0,0,0
SPTLC2,1.028044365,-0.034338517,-3.974842334,0,cluster1,,0,0,0,0,0
CYTH1,1.266751643,0.718488536,-0.013580159,-3.231044725,cluster4,,0,0,0,0,0
SLC38A4,1.043020189,0.006477272,0.013092658,-3.231044725,cluster4,,0,0,0,0,0
MKI67,4.561279621,0,-3.974842334,0.046162378,cluster1,,1,0,0,0,0
EMSY,1.035082826,-0.10124375,-1.3018865,0.085767413,cluster3,,0,0,0,0,0
GPX3,3.746023444,-4.552448006,-3.063797244,1.08230615,cluster1,ROS,0,0,0,0,1
GDI2,1.825468744,0.071876097,-1.286367917,-0.026882799,cluster3,,0,1,0,0,0
CES2,5.273592895,-0.381036376,-1.286367917,-0.494015754,cluster3,,0,0,0,0,0
TMCO3,1.103372036,0.23372998,0.143848572,-3.231044725,cluster4,,0,1,0,0,0
C11orf65,1.440947135,0.146600877,-1.185733036,4.02592915,cluster3,,0,0,0,0,0
ZNF93,1.141326528,-0.273206185,-1.060444898,0.199495192,cluster3,,0,1,0,0,0
STC2,1.935007703,-0.331795882,-1.029707224,-0.067475799,cluster3,,0,0,0,0,0
ARHGAP21,1.137752001,0.052995847,-1.029707224,0,cluster3,,1,0,1,0,0
SCML2,4.960958855,-2.003581795,-3.063797244,0.428966192,cluster1,,0,0,0,0,0
RBAK,1.931093351,-1.010913191,-3.063797244,0,cluster1,,0,1,0,0,0
TSKU,5.273592895,3.261026801,-3.063797244,-0.190539034,cluster1,,0,1,0,0,0
CLDN11,4.561279621,-3.08549002,-3.063797244,-0.034463725,cluster1,,0,0,0,0,0
AGBL3,4.561279621,1.145595798,-3.063797244,-0.079559443,cluster1,,0,0,0,0,0
BTBD19,4.561279621,-1.080860045,-3.063797244,-0.589302595,cluster1,,0,0,0,0,0
NOP58,1.128957221,0.24752468,-3.063797244,-3.231044725,cluster1,,1,0,0,0,0
EIF4E1B,1.609330814,-0.176715498,-3.063797244,1.248174309,cluster1,,0,0,0,0,0
FSCN1,1.763786093,-0.768283876,-3.063797244,0.074345802,cluster1,,1,1,0,0,0
TNFSF10,2.278775903,-0.768283876,-3.063797244,0,cluster1,,0,0,0,0,0
RCHY1,4.561279621,0.744099769,-3.063797244,0.119950766,cluster1,,0,0,0,0,0
ETNPPL,1.381411799,-0.216039653,-3.063797244,-0.069907775,cluster1,,0,0,0,1,0
HOXA7,1.08785605,-0.173408974,-3.063797244,0.271198736,cluster1,,0,0,0,0,0
CDH13,2.561017725,0.194740446,-3.063797244,0,cluster1,,1,1,0,0,0
BMS1,3.138986298,-0.148984552,-3.063797244,0.596460978,cluster1,,0,0,0,0,0
ZNF343,4.561279621,0.175536781,-3.063797244,-0.157188552,cluster1,,0,0,0,0,0
ELOB,4.561279621,0,-3.063797244,0,cluster1,,0,0,0,0,0
CYP20A1,4.960958855,0,-3.063797244,3.11187958,cluster1,,0,1,0,0,0
PTGFR,1.931093351,0.185844764,-3.063797244,-0.119165145,cluster1,,0,1,0,0,0
LYZL2,3.138986298,0.193417772,-3.063797244,0,cluster1,,0,0,0,0,0
VPS13D,1.138455441,0.227266999,1.147135302,-3.231044725,cluster3,,0,0,0,0,0
UBA7,4.561279621,0,-3.063797244,-2.312618723,cluster1,,0,1,0,0,0
NIPSNAP1,4.960958855,0.185844764,-3.063797244,-0.347635025,cluster1,,0,1,0,0,0
CHML,4.561279621,0,-3.063797244,-0.107947115,cluster1,,0,0,0,0,0
EAPP,2.853295807,0,-2.617525437,-3.231044725,cluster1,,0,1,0,0,0
AVPI1,4.561279621,4.183748551,-2.42831735,0,cluster1,,0,1,0,0,0
LGALS9C,3.920223838,0.739000433,0,-1.999064318,cluster4,,0,0,0,0,0
ZNF852,2.853295807,0.605163081,-1.95383419,-4.709755439,cluster1,,0,0,0,0,0
ETS1,4.960958855,0.175536781,-1.693398472,-0.119165145,cluster1,,0,0,0,0,0
CTC1,4.561279621,3.261026801,-1.628491457,-4.709755439,cluster1,,0,0,0,0,0
METTL23,1.032954372,0.062957012,-1.451742896,1.164264635,cluster1,,0,0,0,0,0
IGFALS,1.398521803,-0.286473762,-1.286367917,-0.180614599,cluster1,,0,0,0,0,0
INIP,1.047795029,-0.363547179,-1.24208554,0.084799971,cluster1,,0,1,1,0,0
PRORP,1.06267805,0.050190371,-0.963223316,0,cluster1,,0,0,0,0,0
CEMIP,1.039857904,0.862318318,-0.923438415,0,cluster1,,0,0,0,0,0
NDUFA6,1.089175353,-0.164697661,-0.842695567,0.492476101,cluster1,ROS,0,0,0,0,1
KRTAP11-1,4.561279621,0,-0.827696131,-0.391481795,cluster1,,0,0,0,0,0
PAPOLA,4.561279621,-0.795455443,-0.794844718,0,cluster1,,0,1,0,0,0
HBM,4.960958855,-3.08549002,-0.784887453,0.091600543,cluster1,,0,1,0,0,0
CEP104,1.917172828,-0.673550388,-0.746173399,3.11187958,cluster1,,0,0,0,0,0
FUT4,1.202689328,0.77245381,-0.744772578,0.218959117,cluster1,,0,0,0,0,0
SREBF2,1.782812145,0.004717214,-0.739785079,-0.232782716,cluster1,,1,1,0,0,0
TIA1,1.931093351,1.716888519,-0.727609831,0,cluster1,,0,0,0,0,0
MACC1,1.193135659,0.338678197,0,-1.508853177,cluster4,,0,0,0,0,0
GNL3L,1.26919237,-0.136670374,-0.717287211,-0.051464274,cluster1,,0,1,0,0,0
FBXO10,1.782812145,-0.496892434,-0.717287211,-0.014786624,cluster1,,0,1,0,0,0
USP44,1.220909323,-0.131329348,-0.688036753,-0.119165145,cluster1,,0,0,1,1,0
BRD3OS,1.109973584,0.044881855,-0.688036753,-0.257687822,cluster1,,0,0,1,0,0
PPIE,2.702621899,0.32972195,0,-1.040218883,cluster4,,0,0,0,0,0
DTWD1,1.135025901,-0.646516075,-0.688036753,-0.312175361,cluster1,,0,0,0,0,0
MIS12,1.879264062,0.547700773,-0.688036753,4.02592915,cluster1,,0,0,0,0,0
LIPT1,1.315101901,0.216701677,-0.688036753,0,cluster1,,0,0,0,0,0
UBE3A,1.879264062,0.762759879,-0.688036753,0,cluster1,,0,0,0,0,0
APPL1,1.135740669,-0.227956532,0,-0.700968949,cluster1,,0,1,0,0,0
AASDH,2.116195054,0.085677379,-0.688036753,0.075358891,cluster1,,0,0,0,0,0
COL16A1,4.561279621,0.175536781,-0.688036753,0,cluster1,,0,1,0,0,0
CTNNA3,2.68598855,-0.59577316,-0.633935909,-0.109594198,cluster1,,0,0,0,0,0
PXN,1.426748606,-0.190581356,-0.614176851,3.11187958,cluster1,,0,1,0,0,0
ZNRF1,1.091567333,0.09594748,-0.5981302,-0.197099883,cluster1,,0,0,0,0,0
PPP1CB,2.34088107,-0.880459859,-0.591660011,3.044163807,cluster1,,1,0,0,0,0
ZNF705A,4.960958855,-1.291421205,-0.572713146,0.458248539,cluster1,,0,0,0,0,0
ZNF587,1.377805156,0.039809225,-0.569637106,0.18443207,cluster1,,0,0,0,0,0
ALAS2,3.76093579,-0.533763006,-0.565482916,0.047474748,cluster1,,0,0,0,0,0
ZCCHC3,1.954816905,-0.011969083,-0.552163406,0.207348312,cluster1,,0,0,0,0,0
GEN1,4.960958855,-0.28203138,-0.54278339,0.317866854,cluster1,,0,0,0,0,0
GPR33,4.960958855,0.175536781,3.286805581,-0.539989205,cluster1,,0,0,0,0,0
SMIM10L2B,1.170434628,-0.421249695,-0.482264295,-0.301877217,cluster1,,0,0,0,0,0
B4GALT5,2.278775903,-0.024480439,-0.482264295,-0.488891118,cluster1,,0,0,1,0,0
TGFBR2,1.195778923,0.103027045,-0.471200555,-0.04893323,cluster1,,0,0,0,0,0
CEP57,1.453212645,-0.136380901,-0.470496401,4.02592915,cluster1,,0,0,0,0,0
SH3BP1,1.763786093,1.31211235,-0.455637627,0,cluster1,,0,0,0,0,0
BOLL,1.522815566,-0.634794658,-0.446893639,0.227327881,cluster1,,0,0,0,0,0
ZBTB41,1.239555414,-0.831367814,-0.446191519,0.30468137,cluster1,,0,0,0,0,0
CCBE1,1.17726904,-0.34431105,-0.444187627,0.294387521,cluster1,,0,1,0,0,0
SLC2A13,1.146230236,-0.12440044,-0.430194528,-0.004932874,cluster1,,0,0,0,0,0
ATP5F1B,1.067880796,0.161592615,-0.427603672,0,cluster1,,0,1,0,0,0
SDF2L1,1.782812145,0.191467158,-0.410015492,-3.231044725,cluster1,,0,1,0,0,0
DHCR24,4.561279621,0,-0.402379845,0.128618874,cluster1,,0,0,0,0,0
GAB3,2.0029488,-0.979475571,-0.375680248,0.297310137,cluster1,,0,1,0,0,0
GCFC2,4.561279621,0.175536781,-0.375209658,0,cluster1,,0,0,0,0,0
TRIT1,1.219115339,0.52854305,-0.373810964,-1.040218883,cluster1,,0,0,0,0,0
KIF7,1.114856472,-0.048590281,-0.37372435,-4.152098462,cluster1,,0,0,0,0,0
AKAP7,1.64742185,-0.06413317,-0.366083434,0.224978345,cluster1,,0,1,0,1,0
USP42,1.00210399,0.031041913,-0.364480552,3.11187958,cluster1,,0,0,0,1,0
CD3D,2.620224623,0.266993373,1.110913326,-0.436011087,cluster3,,0,0,0,0,0
COL4A4,4.561279621,0.185844764,-0.360032151,0,cluster1,,0,0,0,0,0
CCDC39,4.561279621,1.656513537,0.153366216,-0.405348253,cluster1,,0,1,0,0,0
CRYGS,4.960958855,-3.997903788,-0.34271636,-0.242691635,cluster1,,0,0,0,0,0
KRT19,2.659650103,1.338536702,-0.340847957,0.37910574,cluster1,,0,0,0,0,0
RAB5B,4.561279621,3.261026801,-0.340798559,-3.231044725,cluster1,,0,1,0,0,0
WDR5B,1.474932151,-0.115932621,-0.337181296,0.180005182,cluster1,,0,1,0,0,0
DACT2,1.113085387,0.015811517,0,-0.383491639,cluster1,,0,0,0,0,0
GFOD2,1.353520599,0.196594838,-0.332615215,-0.119165145,cluster1,,0,0,0,0,0
PCNA,4.960958855,0,-0.330965583,0,cluster1,,0,0,1,0,0
ZNF66,1.165539451,-0.10124375,-0.32995312,0.187403193,cluster1,,0,0,0,0,0
SLC25A36,4.561279621,0,-0.328575698,0,cluster1,,1,0,0,0,0
HLA-DMB,5.530397833,1.656513537,-0.325855215,-0.24999564,cluster1,,0,0,0,1,0
DST,1.084508569,0.037310736,-0.320167045,-0.843433648,cluster1,,0,0,0,0,0
DCLK1,1.202689328,-1.353825126,-0.317958574,0,cluster1,,0,0,0,0,0
TEX22,1.381201169,0.219853632,0.057625685,-0.362598103,cluster1,,0,1,0,0,0
DMGDH,4.960958855,0.744099769,-0.313439484,0,cluster1,,0,0,0,0,0
EML1,1.700180831,0.195563443,-0.307187632,3.11187958,cluster1,,0,1,0,0,0
LYZL6,1.001828461,-0.02491157,-0.305245048,-0.212608296,cluster1,,0,0,0,0,0
DDX1,1.208925655,-0.12427054,-0.297937967,0,cluster1,,0,0,0,0,0
ZNF689,4.561279621,-0.736876987,-0.296632462,-0.196251394,cluster1,,0,1,1,0,0
ZNF253,2.278775903,0.189555551,0.38219995,-0.35536658,cluster1,,0,0,0,0,0
PTPRN2,4.561279621,-3.997903788,-0.293163643,0.093526214,cluster1,,0,0,0,0,0
KIAA0040,4.561279621,0,-0.29201076,-0.498740313,cluster1,,0,1,0,0,0
TPH2,1.111341473,-0.017134434,-0.282894157,3.11187958,cluster1,,0,0,0,1,0
PRRC2C,1.17405325,0.052800909,-0.276519718,0,cluster1,,0,0,0,0,0
SRCAP,1.130377853,-0.139667937,-0.273869265,-3.231044725,cluster1,,0,1,0,0,0
PRDX4,2.853295807,0,-0.269602291,0,cluster1,ROS,0,1,0,0,1
PKNOX1,2.561017725,0.919353513,-0.262086238,-0.539309873,cluster1,,0,0,0,0,0
GRAMD2A,3.107290278,0.196855938,-0.259737226,0.599026368,cluster1,,0,0,1,0,0
GET3,1.527763961,-0.207987637,0.18026072,-0.298372618,cluster1,,0,1,1,0,0
OGFOD1,1.998761939,0.605163081,-0.255747908,0,cluster1,,0,0,0,0,0
ADAR,1.178320669,0.043335113,-0.249515528,0.015346582,cluster1,,0,1,0,0,0
RALGAPA2,1.213802072,0.328224204,0.000668844,-0.255889078,cluster1,,0,1,1,1,0
CLEC17A,1.005773184,0.057124745,-0.24235469,-0.062317425,cluster1,,0,0,0,0,0
MESD,4.561279621,1.145595798,-0.238766666,0,cluster1,,0,0,0,0,0
ZBTB47,1.63660414,0.099863627,-0.234486627,-0.132863472,cluster1,,0,1,0,0,0
PRR20G,4.561279621,0,-0.233799086,-0.375798112,cluster1,,0,0,0,0,0
NOS2,2.135525948,0.149828701,-0.232174015,-0.119165145,cluster1,,0,0,0,0,0
HMGCL,1.700180831,-0.06509939,0,-0.247053246,cluster1,,0,1,0,0,0
ADORA2A,1.184414411,0.025450369,-0.228968671,-0.029146766,cluster1,,0,1,1,0,0
GPX1,1.467356899,0.924315155,-0.227044836,0.552126518,cluster1,,0,0,0,0,0
TAF9,1.146688368,-0.027584329,0,-0.226506424,cluster1,,0,0,0,0,0
ACSM6,1.40405152,-0.003870789,-0.147467626,-0.221272175,cluster1,,0,0,0,0,0
ARHGAP19-SLIT1,5.93761048,-0.59577316,-0.220463088,-0.396463267,cluster1,,0,1,0,0,0
PPIH,1.15175012,-0.132602314,-0.219676049,0.200128058,cluster1,,0,0,0,0,0
SDHD,2.853295807,-0.59577316,-0.216415079,0.434480745,cluster1,,0,0,0,0,0
UMPS,1.592526024,0.018345481,-0.211399379,0,cluster1,,0,1,0,1,0
ADAMTS16,2.278775903,1.145595798,-0.201282825,0,cluster1,,0,1,0,0,0
SLCO1B1,4.960958855,0,-0.2011323,-0.119165145,cluster1,,0,0,0,0,0
CDT1,1.030909959,0.013797474,-0.201130881,1.141618084,cluster1,,0,0,0,0,0
CCDC102A,4.561279621,-1.291421205,-0.200580851,-0.299557827,cluster1,,0,1,0,1,0
GOLGA8J,1.861578552,0.355649287,-0.200405421,-4.709755439,cluster1,,0,0,0,0,0
ITPR1,1.807254689,0.492830678,-0.199894545,-0.119165145,cluster1,,0,1,0,0,0
TNFRSF21,1.072632875,0.528921622,-0.195708693,0,cluster1,,0,0,0,0,0
INTS7,1.22500051,0.252733682,-0.194634788,0,cluster1,,0,0,0,0,0
DHH,1.20052128,0.050221336,-0.187049738,0.794884425,cluster1,,0,0,0,0,0
RNF216,1.381411799,0.194408082,-0.18680487,-0.128690785,cluster1,,0,1,1,0,0
OXSR1,1.00742551,0.106882134,-0.186010123,-0.090858601,cluster1,ROS,0,0,0,0,1
TASP1,5.530397833,-1.353825126,-0.185146638,0.010276776,cluster1,,1,0,1,0,0
BOD1L2,2.68598855,0.744099769,-0.180268815,1.245346055,cluster1,,0,0,0,0,0
PSD4,1.565580566,0.30981875,-0.178144408,3.11187958,cluster1,,0,0,0,0,0
VPS18,1.639490952,-0.875219623,-0.177472041,0.126109656,cluster1,,0,1,0,0,0
SEC24C,1.374513223,0.179560468,-0.176645812,-0.214801557,cluster1,,0,0,0,0,0
EPHA3,1.064132522,-0.662247043,-0.176521162,3.11187958,cluster1,,0,0,0,0,0
SULT2A1,4.960958855,0.981222741,-0.175143291,0.033766963,cluster1,,0,0,1,0,0
TBC1D3E,1.495674811,0.492719931,-0.168106169,-0.191789545,cluster1,,0,0,0,0,0
POLA1,1.13843405,0.168730968,-0.166958717,0,cluster1,,0,0,0,0,0
TARS3,4.960958855,1.380807162,-0.166329825,0.37750836,cluster1,,1,0,0,0,0
RASSF10,1.009452047,-0.00899391,0.223008337,-0.167004014,cluster1,,1,0,0,0,0
TMED5,1.155612331,0.232348536,-0.161522299,0,cluster1,,0,0,0,0,0
ZDHHC17,1.43806852,0.232541816,-0.161354096,-5.110943897,cluster1,,0,1,0,0,0
MBP,1.023217246,0.411600123,-0.160446279,-0.300517729,cluster1,ROS,0,1,0,1,1
SLC35G1,1.287864957,-0.064855115,0.69149747,-0.146706121,cluster1,,0,0,0,0,0
PRMT7,1.050045548,-0.152211934,-0.158529125,0,cluster1,,0,1,0,0,0
CETN3,4.561279621,0,-0.158165866,0.260385953,cluster1,,0,1,0,0,0
LACRT,1.138151293,0.034205306,-0.153791247,0,cluster1,,0,0,0,0,0
SERTAD2,5.530397833,-0.736876987,-0.14999044,4.581064655,cluster1,,1,0,0,0,0
MARS2,1.403206648,-0.118782232,-0.148973878,-0.155081574,cluster1,,0,1,0,0,0
TP53AIP1,1.679705179,0.042414563,-0.148629321,0,cluster1,,0,0,0,0,0
PLD3,4.561279621,4.183748551,-0.075156135,-0.133787776,cluster1,,0,0,0,0,0
ZNF821,1.139668549,-0.0616693,-0.147000562,0.794884425,cluster1,,0,0,1,0,0
GALNT11,1.132752853,0.339705062,-0.14581966,0.617102987,cluster1,,0,1,0,0,0
EDNRB,2.198152966,0.196758781,0.289685207,-0.133641742,cluster1,,0,0,0,0,0
ZBTB1,1.02895678,0.039327182,-0.140767314,0,cluster1,,0,1,0,0,0
NHS,3.263083527,-0.368699455,-0.1396457,0.137058241,cluster1,,0,1,0,0,0
VPS8,1.209044256,-0.202803276,-0.1384989,0.828855713,cluster1,,0,0,0,0,0
SF3B5,1.512207758,-0.20265672,-0.137954228,-0.369565846,cluster1,,0,0,0,0,0
RCN2,4.561279621,0,-0.137909907,0,cluster1,,0,1,0,0,0
NSD3,4.960958855,0.189555551,-0.137791782,0,cluster1,,1,0,0,0,0
ERAP1,4.561279621,1.098258531,-0.136044228,0.840852519,cluster1,,0,0,0,0,0
LIG1,4.561279621,0,-0.128059834,3.11187958,cluster1,,0,0,0,0,0
SFXN5,1.002367046,-0.202649819,-0.125196228,-3.231044725,cluster1,,0,0,0,0,0
TSPEAR,2.0029488,0.693824707,-0.125144486,-0.34348288,cluster1,,0,0,0,0,0
SFTPA1,1.361680756,0.225238123,0.156439097,-0.131698847,cluster1,,0,0,0,0,0
SERPINA5,4.561279621,0.505208938,-0.121110145,0.590941033,cluster1,,0,0,0,0,0
EIF3K,1.191460027,-0.280077081,-0.120277767,4.581064655,cluster1,,0,1,0,0,0
TBXAS1,1.879264062,-0.352673006,-0.117888816,-1.040218883,cluster1,,0,0,0,1,0
ATP6V0A1,1.555950155,0.000403961,-0.115641884,0,cluster1,,1,1,0,0,0
OAS1,1.031585525,0.258893104,-1.24208554,-0.131315166,cluster3,,0,0,0,0,0
POLR3H,1.296910267,-0.058593909,-0.113843737,3.11187958,cluster1,,0,1,0,0,0
ZNF287,1.64742185,-0.924253659,-0.111326688,3.11187958,cluster1,,0,1,0,0,0
DYSF,1.038056537,-0.012391124,3.286805581,-0.130781756,cluster3,,0,1,0,0,0
PGAP2,4.561279621,3.261026801,-0.102751703,-0.129989722,cluster1,,0,0,1,0,0
DCUN1D5,1.838803291,0.459949472,-0.099989512,-0.119165145,cluster1,,0,0,0,1,0
CDK6,2.373501135,-0.091492253,-0.097487253,-0.133685877,cluster1,,0,1,0,0,0
TMOD3,2.289630317,0.001041164,-0.097047103,0.071760254,cluster1,,0,0,0,0,0
GTF2F2,1.002862375,-0.124140911,-0.096151631,-1.426649514,cluster1,,0,0,0,0,0
TBC1D3K,4.561279621,-0.736876987,-0.094859038,0.17441032,cluster1,,0,0,0,0,0
APOC2,1.341462054,0.252786358,-0.092540632,-0.430157404,cluster1,,0,0,0,0,0
HEATR6,1.322362379,0.149753641,-0.064518895,-0.119165145,cluster1,,0,0,0,0,0
STRA8,1.328176436,-0.21130826,-0.087547119,-0.443544127,cluster1,,0,0,0,0,0
ZNF534,1.365106828,0.778392228,-0.084583446,0.161860307,cluster1,,0,0,0,0,0
CMTM2,3.581852559,-0.788479524,-0.083783783,3.11187958,cluster1,,0,0,0,0,0
DSN1,1.201262082,0.697879415,-0.083591196,0,cluster1,,1,1,0,0,0
TP53,1.782812145,-1.691005627,-0.077212576,-0.119165145,cluster1,,1,1,0,0,0
DYNC1LI2,1.492696259,0.503660474,-0.076816237,0,cluster1,,0,1,0,0,0
LRAT,2.278775903,0.185844764,0.592904026,-0.119165145,cluster1,,0,1,0,0,0
GEMIN6,4.561279621,1.098258531,-0.075151128,-0.843433648,cluster1,,0,0,1,0,0
JOSD2,2.216783842,1.055346411,-0.071005152,1.35001993,cluster1,,0,0,0,0,0
TUB,2.193899735,0.992863904,-0.070980277,4.02592915,cluster1,,0,1,0,0,0
ACOX3,1.171475477,1.055346411,-0.069194522,-0.119165145,cluster1,,0,0,0,0,0
MYCL,1.107173821,0.460293849,1.107873471,-0.119165145,cluster3,,0,0,0,1,0
KCNV2,4.960958855,0.175536781,-0.068957696,4.02592915,cluster1,,0,0,0,0,0
RYR1,1.153848047,0.435995422,-0.068096913,-0.139023761,cluster1,,0,0,0,0,0
ADAL,1.676637851,-0.312064956,-0.064768402,4.02592915,cluster1,,0,1,0,0,0
TOMM22,2.496702178,-2.003581795,4.210932547,-0.119165145,cluster1,,0,1,0,0,0
PGAM1,4.960958855,-0.377874949,-0.063725969,-0.129687472,cluster1,,0,0,0,0,0
RAD54L2,1.560366521,0.42804979,0,-0.083026695,cluster1,,0,0,1,0,0
KIF3C,1.908484872,0.134124913,-0.062016477,0,cluster1,,0,1,0,0,0
TMEM269,1.658714917,0.859786472,-0.056473405,-0.24704598,cluster1,,0,0,0,0,0
EDEM3,1.008121792,0.111754493,-0.053546535,0,cluster1,,0,0,0,0,0
NEFH,1.094010089,-0.302179191,-0.050599605,0,cluster1,,0,0,1,0,0
NOP53,2.278775903,3.261026801,-0.049385036,-1.040218883,cluster1,,0,1,0,0,0
ZNF536,4.561279621,3.261026801,-0.049129841,0.145042073,cluster1,,0,0,0,0,0
DENND2A,4.561279621,-1.291421205,-0.048336274,3.11187958,cluster1,,0,0,0,0,0
ZFP90,1.22659515,0.277918695,-0.042207278,-0.689706851,cluster1,,0,0,0,0,0
STAR,2.132386848,0.28977146,-0.040070575,-0.225340204,cluster1,,0,0,0,0,0
GRK4,1.08785605,-0.384715222,-0.037283055,-0.061164142,cluster1,,0,0,0,0,0
STARD6,1.12898562,0.386852904,0.024504154,-0.078973973,cluster1,,0,0,0,0,0
UBIAD1,1.060678324,0.095158484,-0.029448462,0,cluster1,,0,1,0,0,0
AHCYL2,1.12898562,-0.12110901,-0.027896475,-0.099882054,cluster1,,1,0,0,0,0
GJA1,1.221304177,0.192632769,-0.243182503,-0.063312438,cluster1,,0,1,0,0,0
PPFIBP1,1.013712013,-0.174941963,-0.020983488,0,cluster1,,0,1,0,0,0
SEPTIN2,4.960958855,-3.997903788,-0.017193149,4.02592915,cluster1,,0,0,0,0,0
CNRIP1,4.561279621,-1.291421205,-0.016117358,-0.132213926,cluster1,,0,1,0,1,0
SLC5A1,1.691778547,0.05627298,1.705893388,-0.057573018,cluster3,,0,0,0,0,0
CKS1B,2.129779206,0.07438658,-0.01222734,0.067908064,cluster1,,0,0,0,0,0
JAG1,1.017777751,0.243710481,-0.012223437,-0.013752101,cluster1,,0,0,0,0,0
SCGB1D4,1.647401971,0.189174263,-0.010626517,0.330501217,cluster1,,0,0,0,0,0
SLC34A3,4.960958855,0,-0.010449946,-1.962496828,cluster1,,0,1,0,1,0
RPL27A,1.293195688,-0.180412531,-0.009288054,0.082346997,cluster1,,0,1,0,0,0
CTAG1A,6.390608229,1.076129167,-0.007911558,0.368984118,cluster1,,0,0,0,0,0
COLEC10,5.273592895,3.261026801,-0.007257267,-0.13904545,cluster1,,0,0,0,0,0
BMPR1B,1.10388698,0.124920663,-0.001874064,0,cluster1,,0,0,0,0,0
HCCS,4.561279621,1.145595798,0.223008337,-0.056029931,cluster1,,0,0,0,0,0
SOGA1,1.479234341,0.949428438,0,0,cluster1,,1,1,0,0,0
OVOL2,4.960958855,-4.552448006,0,0,cluster1,,0,0,0,0,0
PCDHGB3,5.273592895,4.183748551,0,0.165647887,cluster1,,0,0,0,0,0
SCYL1,1.998761939,0.85325574,0,0,cluster1,,0,1,0,0,0
AFAP1L1,1.392358942,0.595375466,0,0.103702421,cluster1,,0,1,0,0,0
INPP5B,1.240620159,-0.456771449,0,-0.389554588,cluster1,,0,0,0,0,0
LAMTOR2,5.530397833,2.058009566,0,3.11187958,cluster1,,0,0,0,0,0
KRT77,4.561279621,-1.353825126,0,0.220335854,cluster1,,0,0,0,0,0
ANKRD55,2.873666531,0.627008877,0,-0.117629899,cluster1,,0,0,0,0,0
ZNF212,1.394201652,0.457858179,-0.349422877,-0.054222251,cluster1,,0,0,0,0,0
GGT2,1.522929899,1.170913609,0,0,cluster1,,0,0,0,0,0
UBE4B,1.109456604,-0.212489783,0,0.061827597,cluster1,,0,0,0,0,0
ARHGEF10L,2.278775903,-1.691005627,0,-0.054306707,cluster1,,0,1,0,0,0
RANBP3L,4.561279621,-1.691005627,0,-0.105436278,cluster1,,0,0,0,0,0
CLEC2D,3.138986298,1.162344301,0,-3.231044725,cluster1,,0,0,0,0,0
PRRG4,5.273592895,3.261026801,0,0,cluster1,,0,0,0,0,0
ANKRD30BL,1.037464636,0.405420086,0,0.114350897,cluster1,,0,0,0,1,0
RASA4B,1.076449543,-0.459113893,0,0.141866351,cluster1,,0,1,1,1,0
ADCY7,1.763786093,1.162344301,0.236090213,-0.04368055,cluster1,,0,1,0,0,0
TMEM184A,1.13603568,0.432575052,0,-0.086023659,cluster1,,0,0,0,0,0
EIF5A2,1.17676797,0.252013279,-3.974842334,-0.04078341,cluster3,,0,1,0,0,0
INPP4A,2.45751681,0.577054773,0,0.085799986,cluster1,,0,1,0,0,0
TUBD1,1.031583404,0.040297825,0.225036739,-0.023474751,cluster1,,0,1,0,0,0
DCTN2,1.254576854,0.268031505,0,-0.374077747,cluster1,,0,0,0,0,0
GIP,4.561279621,-3.08549002,0,0.049433433,cluster1,,0,0,0,0,0
NGB,1.522929899,0.701455302,0,0.254331794,cluster1,,1,1,0,0,0
TMEM182,6.254823211,-1.353825126,0,-0.317626191,cluster1,,1,0,0,0,0
GLIS1,1.101785214,-0.477478345,0,-0.093738205,cluster1,,0,0,0,0,0
SYCN,2.650091546,-0.788479524,0,-4.709755439,cluster1,,0,0,0,0,0
SESN1,1.007564907,0.20078632,-0.103080875,-0.012016065,cluster1,,1,0,0,1,0
HMBOX1,1.121770665,0.428863627,0,3.11187958,cluster1,,0,0,0,0,0
CDH22,1.412671317,-0.193232044,0,-0.119165145,cluster1,,0,1,0,0,0
UBR3,2.278775903,1.145595798,0,-3.231044725,cluster1,,0,0,0,0,0
ZNF878,2.0029488,-0.905046163,0,-0.125715752,cluster1,,0,1,0,0,0
EVA1C,1.118775006,-0.522475015,0,4.02592915,cluster1,,0,0,0,0,0
PER1,1.062497729,0.286633128,0,4.581064655,cluster1,,0,1,1,0,0
FAM180B,1.6107936,-0.585965507,0,0.248891388,cluster1,,0,0,0,0,0
A1BG,1.002862375,-0.468613884,-0.688036753,-0.003790725,cluster1,,0,1,0,0,0
ZNF674,1.190337999,-0.283062318,0,-0.205429314,cluster1,,0,0,0,0,0
NOMO1,4.561279621,0,-4.928219757,0,cluster3,,0,1,0,0,0
STK40,1.216432382,-0.112853247,0,0.200289385,cluster1,,0,0,0,0,0
MRPL1,1.222410813,-0.1185325,0,1.058841017,cluster1,,0,0,0,0,0
KLHL42,1.060360514,-0.084026944,0,3.11187958,cluster1,,1,1,0,0,0
FOXN3,1.035082826,0.353373287,0,0,cluster1,,0,0,0,0,0
CAV2,1.610989187,0.166208912,-3.063797244,0,cluster3,,0,0,0,0,0
ALDH3A1,1.658714917,-0.666702717,0,-3.231044725,cluster1,,0,1,0,0,0
CLEC18C,1.252067542,0.094789266,0,0.056361554,cluster1,,0,1,1,0,0
JPT1,1.287864957,0.601571501,0,-0.282558833,cluster1,,0,0,0,1,0
JMY,1.025012138,-0.173399568,0,0.278974319,cluster1,,0,0,1,0,0
TNFSF8,1.130088054,-0.237907151,0,0,cluster1,,0,0,1,0,0
UBN2,1.266370602,0.456992455,0,0.657652559,cluster1,,0,0,0,0,0
CHPT1,1.022531367,0.069756413,0,0.794884425,cluster1,,0,0,0,0,0
TFPI,1.042418027,-0.03383475,-0.717287211,0,cluster1,,0,0,0,0,0
PABPC4,2.583389157,0.195912738,0,3.11187958,cluster1,,0,1,0,0,0
FYN,1.770286265,0.045417222,0,-0.0409268,cluster1,,0,0,0,0,0
TAC1,2.373501135,0.144318641,0,3.11187958,cluster1,,0,0,0,0,0
ECM1,4.561279621,0.904793359,0,-3.231044725,cluster1,,0,0,0,0,0
ASB6,1.899463074,0.090358618,0,0,cluster1,,0,1,0,0,0
TAGAP,1.073787554,-0.053570247,0,-0.064800627,cluster1,,0,0,0,0,0
METTL21A,3.483220181,0.480892263,-0.688036753,0,cluster1,,0,1,0,0,0
TSGA10,1.904212009,-0.588499093,-0.500757519,0,cluster1,,1,0,0,0,0
ZNF701,1.446144841,-0.196532388,0,-4.152098462,cluster1,,0,1,0,0,0
GDF5,1.323907195,0.018086034,0,0,cluster1,,0,0,0,1,0
RNASET2,1.233412797,0.197103923,0,-0.126169312,cluster1,,0,1,0,0,0
OS9,1.062666005,-0.024921545,0,0,cluster1,,0,0,0,0,0
NUS1,1.931093351,0.175536781,0,0.145763955,cluster1,,0,0,0,0,0
OR7A17,1.782812145,-0.420781578,0,-0.089874945,cluster1,,0,0,0,1,0
PRTFDC1,1.342312879,0.160361182,-0.232139182,0,cluster1,,0,0,0,0,0
LHFPL6,1.489684357,0.026694834,0,1.073380325,cluster1,,0,0,0,0,0
DLEC1,5.93761048,1.170913609,-0.22601202,0,cluster1,,0,0,0,0,0
TBCE,1.222658999,0.004790836,0,-0.90707458,cluster1,,1,0,0,1,0
KRT78,2.659650103,0.601571501,0,0.209607407,cluster1,,0,0,0,0,0
GAB1,1.140367163,0.295701993,0,-3.231044725,cluster1,,0,0,0,0,0
ELOVL7,1.45906133,-0.331160603,0,-1.10085847,cluster1,,0,1,0,1,0
MC3R,5.273592895,1.098258531,0,-0.013730825,cluster1,,0,0,0,0,0
SPINK2,1.15907005,0.248778569,0,0,cluster1,,0,0,0,0,0
MED18,4.960958855,-0.768283876,0,3.11187958,cluster1,,0,1,0,0,0
H3-2,4.561279621,-0.768283876,0,-0.192236147,cluster1,,0,0,0,0,0
COA5,4.561279621,0.744099769,0,-0.454702165,cluster1,,0,0,0,0,0
ARHGEF10,1.151991929,0.16787137,0,-0.000279619,cluster1,,0,0,0,0,0
NMNAT2,3.003201281,0.59105158,0,-0.18805324,cluster1,,1,1,0,0,0
GOLGA4,1.130644605,-0.060096998,-0.162767287,0,cluster1,,0,0,0,0,0
PLEKHM2,4.960958855,-0.522605039,0,0,cluster1,,0,0,0,0,0
MON2,4.960958855,-0.736876987,0,0,cluster1,,0,0,0,0,0
NTN4,5.273592895,-0.736876987,0,0.017720957,cluster1,,0,0,0,0,0
BCAN,1.931093351,-0.377874949,0,0.020104145,cluster1,,0,0,0,0,0
NARS2,2.659650103,-0.188003983,0,0.271198736,cluster1,,1,0,0,0,0
MFAP1,1.658714917,-0.215014034,0,0.794884425,cluster1,,0,0,0,0,0
ZFAND1,1.897075157,0.195007158,0,-1.040218883,cluster1,,0,0,0,0,0
HNF1A,4.960958855,-0.368699455,0,0,cluster1,,0,0,0,0,0
SNX29,1.385463512,-0.080665878,0,0,cluster1,,0,0,0,0,0
RASGRP3,1.879264062,0.193982423,0,-0.258174963,cluster1,,0,1,0,0,0
SMIM23,1.394201652,-0.110093679,0,-0.157279057,cluster1,,0,0,0,0,0
NME8,4.561279621,0.175536781,0,0.794884425,cluster1,,0,0,0,0,0
MTMR2,5.273592895,0.175536781,0,0.01864365,cluster1,,1,0,0,0,0
BABAM1,1.782812145,0.192632769,0,-0.013888177,cluster1,,0,1,0,0,0
EIF4G1,4.561279621,0.185844764,0,3.11187958,cluster1,,0,1,1,0,0
B9D2,4.561279621,0.189555551,0,0.02926155,cluster1,,0,0,0,0,0
SLC35F5,1.178126064,0.454108125,-0.15997259,0,cluster1,,0,0,0,0,0
IGSF3,1.585502567,-0.039436497,0,0.064584576,cluster1,,0,0,0,0,0
SCCPDH,4.960958855,0.189555551,0,0,cluster1,,0,1,1,1,0
ITLN2,2.216783842,0.189555551,0,0.01467523,cluster1,,0,0,0,0,0
RPH3AL,5.273592895,0,0,-0.086457862,cluster1,,0,0,0,0,0
CMC1,1.782812145,0.059233024,0,-2.570043545,cluster1,,0,0,0,0,0
PARVB,5.273592895,0.191467158,0,0.259429986,cluster1,,0,1,0,0,0
LAMA2,4.960958855,0,0,0.117616046,cluster1,,0,0,0,0,0
OLIG2,4.561279621,0,0,0.060971149,cluster1,,0,0,0,0,0
ERVK3-1,2.455144082,0.004717214,0,0.794884425,cluster1,,0,0,0,0,0
G3BP2,1.513591426,0.027415171,-0.114815586,0,cluster1,,0,1,0,0,0
RAD52,1.055334466,-0.097515913,0.000792203,-0.129989722,cluster1,,0,1,0,0,0
HECTD3,4.561279621,-3.08549002,0.003967278,0.006609147,cluster1,,0,0,0,0,0
ADCY1,1.316371254,-0.013977941,0.005678087,-0.127637288,cluster1,,0,1,0,0,0
ZFAND5,4.960958855,-3.08549002,0,0,cluster1,,0,1,0,0,0
TTBK2,1.152092657,0.061014207,0,0,cluster1,,1,0,0,0,0
KIF5C,1.273472474,0.195912738,0.013758035,1.141618084,cluster1,,0,0,0,0,0
GRID1,4.561279621,0,0.017289662,0.160062553,cluster1,,0,0,0,0,0
TTC27,2.253836917,-0.131329348,0.018087742,-3.231044725,cluster1,,0,1,0,0,0
CDCA7L,2.561017725,0.193417772,0.020296442,0.130667675,cluster1,,0,0,0,0,0
CUL5,1.153479557,-0.117272477,0.024413269,4.02592915,cluster1,,0,0,0,0,0
CPSF3,1.332010086,0.07438658,0,0,cluster1,,0,0,0,0,0
C12orf60,4.561279621,0,0.024565475,-1.113887143,cluster1,,0,0,0,0,0
GGTLC2,1.594036662,0.633133406,0.02522458,3.11187958,cluster1,,0,0,0,0,0
ATP8B1,2.496702178,-0.21002887,0.027292084,-3.231044725,cluster1,,1,0,0,0,0
MPZL3,1.295892829,0.232119031,0.027821388,0.402716773,cluster1,,0,0,0,0,0
CYP1A1,3.003201281,1.179617229,0.008637386,0,cluster1,,0,1,0,0,0
ABCC8,1.167778318,-0.051792138,0.028143805,0,cluster1,,0,0,0,0,0
RPRM,2.278775903,-0.768283876,0.028393997,-0.134011276,cluster1,,0,0,0,0,0
ASB10,2.496702178,-0.368699455,0.030279308,-0.074051459,cluster1,,0,0,0,0,0
STOX2,1.025429856,0.828413751,0.032436703,0.471353169,cluster1,,0,0,0,0,0
MTMR9,1.022144178,0.720483495,0.033126223,0,cluster1,,0,0,1,0,0
SLC9A9,4.561279621,3.261026801,0.035045275,-2.312618723,cluster1,,0,0,0,0,0
CLCNKA,4.561279621,0.185844764,0.035609749,0.210662794,cluster1,,0,0,0,0,0
FCHO2,1.480733723,-0.019310112,0.036395372,-0.069898132,cluster1,,0,0,0,0,0
DGLUCY,4.561279621,0.175536781,0.039559055,-3.231044725,cluster1,,0,1,1,0,0
PTBP3,1.188765721,-0.280642663,0.045456706,-0.119165145,cluster1,,0,0,0,0,0
TNC,1.251524484,-0.124939075,0.04765518,-0.069532547,cluster1,,0,1,1,0,0
FXYD5,1.039857904,0.703597446,0.048051466,-1.040218883,cluster1,,0,0,0,0,0
DMRTC1,4.561279621,-3.08549002,0.049141061,0.21245711,cluster1,,0,0,0,0,0
ZFYVE16,1.522929899,-4.552448006,0.04970515,0.439664061,cluster1,,1,0,0,0,0
POGK,1.763786093,0.175536781,0.050855746,-3.231044725,cluster1,,0,0,0,0,0
CHPF,1.217511233,-0.25364629,0.051173904,-3.231044725,cluster1,,0,0,0,0,0
CNGA1,1.763786093,-0.215014034,0.051805766,0.742891172,cluster1,,0,0,0,0,0
P4HA2,1.021788222,0.262800161,0.055090374,3.11187958,cluster1,,0,0,0,0,0
LDLRAD3,4.561279621,1.098258531,0.057068826,-0.562038369,cluster1,,0,1,0,0,0
RBP4,1.074107811,-0.09931378,0.057209468,-3.231044725,cluster1,,0,0,0,0,0
RPH3A,1.242531932,0.038145125,0.027878503,0,cluster1,,0,0,0,0,0
PSMA7,4.561279621,0,0.060140382,0.093099513,cluster1,,0,0,0,0,0
MYO18B,1.260808305,-0.110093679,0.062449816,0,cluster1,,0,1,0,0,0
LDHAL6B,2.362505693,0.455270874,0.065111588,-0.297828962,cluster1,,0,0,0,0,0
C22orf31,2.561017725,0.551296384,0.065754521,0,cluster1,,0,0,0,1,0
GPATCH2L,1.097501387,-0.121871266,0.072004281,0,cluster1,,0,0,1,0,0
AREG,5.273592895,1.098258531,0.076373314,0,cluster1,,0,0,0,0,0
TRIR,1.848296263,-0.265532562,0.084048557,3.11187958,cluster1,,1,0,0,0,0
BOC,1.12898562,-0.477478345,0.086469995,0,cluster1,,0,1,1,0,0
SLC43A1,1.931093351,-0.368699455,0.086500846,-3.231044725,cluster1,,0,0,0,1,0
METAP2,1.058317832,-0.039188401,0.089741342,-0.00112332,cluster1,,0,0,0,0,0
HIPK1,1.194459461,-0.013977941,0.094362577,-0.051300763,cluster1,,0,0,0,0,0
AGRP,2.080998824,-1.080860045,0.094369288,-0.429873612,cluster1,,0,0,0,0,0
NTRK3,1.658714917,-0.12110901,0.095051441,0,cluster1,,0,1,0,0,0
FBXO28,1.894367047,0.196826781,0.098463168,0.271198736,cluster1,,0,0,0,1,0
GALNS,1.308068851,0.301563388,0.167153855,0,cluster1,,0,0,0,0,0
KRTAP9-7,1.520607711,0.141832342,0.106752419,0.856360425,cluster1,,0,0,0,0,0
ALDH1A1,1.021428923,-0.207493848,0.106940443,0.023284286,cluster1,,0,1,0,0,0
C18orf54,1.339851796,0.128537207,0.108328513,4.02592915,cluster1,,0,0,0,0,0
FYB2,4.561279621,0,0.111973266,-0.276142339,cluster1,,0,0,0,0,0
AMDHD2,5.530397833,-0.377874949,0.116994749,1.35001993,cluster1,,0,0,1,0,0
CNTNAP3B,4.561279621,3.261026801,0.117389961,0.045643468,cluster1,,0,0,0,0,0
LHPP,2.439952457,-0.602759461,0.118781367,0.794884425,cluster1,,0,1,0,0,0
NDC1,1.381411799,1.57049803,0.123809692,0,cluster1,,1,0,0,0,0
FBXO41,4.561279621,-3.08549002,0.124349437,-0.083160399,cluster1,,0,0,0,0,0
MROH8,1.604036472,0.028905088,0.126066888,0.058272058,cluster1,,0,0,1,0,0
TLL1,1.181991314,1.176119452,0.128498468,3.11187958,cluster1,,0,0,0,0,0
TMED1,5.273592895,-3.08549002,0.129459667,3.11187958,cluster1,,0,0,0,0,0
EPHA6,1.289054783,-0.426155003,0.129988411,0,cluster1,,0,0,0,0,0
ZSCAN29,1.217511233,-0.686905521,0.130900879,0,cluster1,,0,0,0,0,0
TSEN15,4.561279621,0,0.131712223,-0.188717525,cluster1,,0,0,0,0,0
TMEM244,1.181991314,0.411880633,0.134657874,0.862088412,cluster1,,0,0,0,0,0
SLC4A7,1.026592269,0.018826492,0.135270749,0.794884425,cluster1,,1,1,0,0,0
HMOX1,3.581852559,0,0.138108285,0,cluster1,ROS,0,1,0,0,1
ADAM10,5.273592895,1.656513537,0.139108291,0.794884425,cluster1,,1,1,0,0,0
SLK,1.238371408,-0.215101542,0.14064862,0,cluster1,,0,1,0,0,0
PLPPR3,4.960958855,0.904793359,0.14159864,-3.231044725,cluster1,,0,1,0,0,0
SRP68,1.522929899,0.455270874,0.142574818,4.02592915,cluster1,,0,1,0,0,0
ZBTB17,1.116665239,0.588028531,0.223008337,0,cluster1,,0,0,0,0,0
TSPAN3,1.522783506,0.457858179,0.146865672,-0.131698847,cluster1,,0,0,0,0,0
NT5E,4.960958855,0.505208938,0.147026566,-0.268352951,cluster1,,0,0,0,0,0
ALDH1A2,1.724868614,-0.952329097,0.404617242,0,cluster1,,0,0,0,0,0
MARCHF4,1.195571661,0.112711343,0.502361663,0,cluster1,,0,1,0,0,0
TRAF7,2.536095067,0.265364389,0.153946963,-0.126169312,cluster1,,0,0,0,0,0
RHOQ,1.090022688,0.207992351,0.783925643,0,cluster1,,0,0,0,0,0
CHTF8,4.561279621,0.175536781,0.1627291,4.02592915,cluster1,,0,0,0,0,0
DHX29,1.668325196,0.295312274,0.794848298,0,cluster1,,0,0,0,0,0
IQSEC3,5.93761048,1.716888519,0.164108684,-0.126169312,cluster1,,0,0,0,0,0
TSPAN2,1.698150656,0.395041546,0.166281504,0.439664061,cluster1,,0,0,0,0,0
PDLIM4,1.873582634,0.180234303,3.286805581,0,cluster3,,0,0,0,0,0
FBXO42,1.273539816,-0.083558915,-0.034049158,0.010830378,cluster1,,0,0,0,0,0
GLT8D1,1.28248477,-0.103077294,0.169584969,0,cluster1,,0,0,0,0,0
HTR4,1.181991314,-0.602759461,0.169786063,0.30535263,cluster1,,0,0,0,0,0
EPHB3,1.055031666,-0.014046066,0.176006017,-0.317300958,cluster1,,0,1,0,0,0
C15orf40,2.080998824,-0.686583302,0.178755121,-0.796201285,cluster1,,0,0,0,0,0
REG4,2.68598855,3.261026801,0.272314422,0.027646856,cluster1,,0,0,0,0,0
HPR,4.561279621,-3.08549002,0.182138883,0.212424684,cluster1,,0,0,0,1,0
PPBP,1.234400733,0.29148349,0.642554128,0.069571581,cluster1,,0,0,0,0,0
TYSND1,1.057095608,-0.151390553,0.195772535,-1.085014747,cluster1,,1,0,0,0,0
CDC42BPG,4.561279621,-1.291421205,0.196709785,0.162801776,cluster1,,0,1,1,0,0
GALNTL5,2.129779206,0.30891234,0.200650782,-0.126169312,cluster1,,0,0,0,1,0
CCDC18,1.880400857,0.142322962,0.201476385,-0.062608989,cluster1,,0,0,0,0,0
UGT1A9,4.561279621,-3.08549002,0.203418659,-0.835139788,cluster1,,0,0,0,0,0
ASCL3,5.273592895,-3.997903788,0.204574028,0.355383048,cluster1,,0,0,0,0,0
CHFR,4.561279621,-3.997903788,0.204598127,0,cluster1,,0,1,0,0,0
OLIG1,4.561279621,-0.638587318,0.206176663,0.614886219,cluster1,,0,0,0,0,0
NAT2,1.181991314,0.375075734,0.206967799,-0.046221447,cluster1,,0,0,0,0,0
LRCOL1,1.2016459,0.708458638,0.223008337,0.127126138,cluster1,,0,0,0,0,0
EGR4,4.561279621,-3.997903788,0.223008337,0,cluster1,,0,1,0,0,0
MTRF1,1.22659515,0.557075287,0.223008337,0,cluster1,,0,0,0,0,0
PEX12,1.264430336,0.166302438,0.223008337,0,cluster1,,0,1,0,0,0
CAPN11,4.561279621,3.261026801,0.223008337,0.794884425,cluster1,,1,0,0,1,0
IL1F10,1.931093351,-0.997269189,0.223008337,3.11187958,cluster1,,0,0,0,0,0
ABCG4,1.885797877,0.109936488,0.908900356,0.125755276,cluster1,,1,1,0,0,0
ZNF763,4.561279621,0.904793359,0.223008337,-0.147653616,cluster1,,0,0,0,0,0
HARBI1,1.741250225,-0.383604087,0.223008337,-0.096344959,cluster1,,0,0,1,0,0
UBE3D,1.457327289,0.004789686,-0.688036753,0.164089958,cluster1,,0,0,0,0,0
NCOR1,1.028953041,-0.191613267,0.223008337,0,cluster1,,0,0,0,0,0
PAAF1,1.226102517,0.155174093,0.223008337,1.398509496,cluster1,,0,0,0,0,0
PRIMA1,1.213817487,0.02231196,0.223008337,-1.319230649,cluster1,,0,0,0,0,0
TXNRD2,1.668299697,0.282762207,-0.022941259,0.177980346,cluster1,ROS,0,1,0,0,1
RAPGEF6,2.496702178,-0.368699455,0.223008337,0.332714522,cluster1,,0,1,0,0,0
RXFP2,1.161726339,-0.12362509,0.223008337,-0.128690785,cluster1,,0,0,0,0,0
REN,4.561279621,0.175536781,0.223008337,-0.033555894,cluster1,,0,0,0,0,0
TAAR1,4.960958855,0,0.223008337,-0.052418293,cluster1,,0,0,0,1,0
CD96,1.0528697,0.246711152,0,0.260385953,cluster1,,0,0,0,0,0
HYLS1,1.522929899,1.170913609,0.236090213,1.245889758,cluster1,,0,0,0,0,0
RPAP1,2.080998824,-1.555524194,-0.224599418,0.271198736,cluster1,,0,0,0,0,0
LRRC8E,4.561279621,1.656513537,0.236090213,0.105029547,cluster1,,0,0,1,0,0
RSU1,4.960958855,-3.08549002,0.236090213,0,cluster1,,0,0,0,0,0
GADL1,5.273592895,1.098258531,0.236090213,0,cluster1,,0,0,0,0,0
CSNK1G1,4.561279621,0.744099769,0.236090213,4.02592915,cluster1,,1,0,0,0,0
PLA2G4E,1.679067336,0.404980048,0.236090213,0.496967081,cluster1,,0,0,0,0,0
ACO2,1.544328613,0.129441825,0.236090213,0.185290701,cluster1,,0,0,0,0,0
PCDHB13,5.530397833,-0.06413317,0.236090213,0.224897305,cluster1,,0,0,0,0,0
IL36G,3.674171116,0.004717214,0.236090213,0.058526427,cluster1,,0,0,0,0,0
ARHGAP32,4.960958855,-3.08549002,0.240799512,0,cluster1,,0,0,0,0,0
KRTAP26-1,1.168843134,-0.234270432,0.240799512,0.164154476,cluster1,,0,0,0,0,0
GOLGA8G,1.101785214,-0.428628674,0.243225492,-0.096442297,cluster1,,0,0,0,0,0
DDX52,1.57804078,0.138200267,0.244704742,0.282926692,cluster1,,0,0,0,0,0
SNX1,3.581852559,0.512190094,0.244704742,3.11187958,cluster1,,0,0,0,0,0
C4orf33,3.581852559,0.194740446,0.244704742,0.078144145,cluster1,,0,1,0,0,0
ZSWIM7,1.537227214,-0.127498312,0.245700971,0.136486057,cluster1,,0,0,0,0,0
PKM,2.114189479,0.01185806,0.246957749,-0.130781756,cluster1,,0,0,0,0,0
KLHL15,1.077686372,-0.15696814,0.247718022,-0.417968608,cluster1,,0,0,0,0,0
CAPN5,5.273592895,1.145595798,0.249422132,0,cluster1,,0,0,0,0,0
PCYT1B,1.230863037,0.027415171,0.249609608,0,cluster1,,0,1,0,0,0
ANKRD39,2.496702178,0.450183711,0.2498019,-0.137506589,cluster1,,1,1,0,0,0
TRABD2B,1.06249316,-0.502741357,0.250619508,0.259861985,cluster1,,0,1,0,1,0
FAM32A,1.332010086,-0.50094658,0.25065114,-1.040218883,cluster1,,0,0,0,0,0
LEPROT,1.404961217,0.971795741,0.250654912,-3.145607995,cluster1,,0,0,0,0,0
POLL,1.386497335,-0.686583302,0.256415865,1.141618084,cluster1,,0,0,0,0,0
PMS1,4.960958855,-3.08549002,3.286805581,0.310387069,cluster1,,0,0,0,0,0
BCKDHB,2.278775903,3.261026801,0.269859729,-0.119165145,cluster1,,0,0,0,0,0
TBX4,3.391546765,0.843438502,0.270791695,-0.06987007,cluster1,,0,0,0,0,0
CD3G,2.071885403,0.286279814,0.495823078,0.348917191,cluster1,,0,0,0,1,0
RAB35,1.897075157,1.025960533,0.27676327,-0.133810118,cluster1,,0,0,0,0,0
KAT2B,1.323504547,0.29443834,0.2778463,-3.231044725,cluster1,,0,0,0,0,0
SOD1,7.315282469,0,0.283510147,0,cluster1,ROS,0,1,0,0,1
PPIAL4C,4.960958855,1.656513537,0.285143501,0.473085379,cluster1,,0,0,0,0,0
GJA5,4.561279621,1.656513537,0.288289247,-0.205173395,cluster1,,1,0,0,0,0
BMP6,5.273592895,0.8374482,0.168144853,0.39192757,cluster1,,0,0,0,1,0
PDPR,1.386970491,0.172594768,0.291472889,0,cluster1,,0,0,0,1,0
TOR3A,2.081018094,0.227835105,0.292863035,-0.100092909,cluster1,,0,0,0,0,0
BMP8B,1.761321493,0.578347785,0.300677884,-3.231044725,cluster1,,0,1,0,0,0
KCNJ6,1.069291733,0.069068902,0.319431347,-0.700968949,cluster1,,0,0,0,0,0
ZBTB25,1.215967564,0.236036776,0.325531611,-3.231044725,cluster1,,0,0,0,0,0
TTLL5,3.842777074,0.59105158,0.325665111,-3.231044725,cluster1,,0,0,0,0,0
PC,5.93761048,0.30981875,0.329517319,-0.116022335,cluster1,,0,1,1,0,0
ITGAL,4.561279621,3.261026801,0.331121143,-0.002297249,cluster1,,0,0,0,1,0
SLC34A1,1.032481985,0.012999051,0.33389347,0,cluster1,,0,0,0,0,0
MYBPC1,1.611512202,0.063871136,0.336028927,-1.218293942,cluster1,,0,0,0,0,0
H4C15,4.561279621,0.185844764,0.337488409,-1.252821783,cluster1,,0,0,0,0,0
TTC19,1.207834077,0.252063447,0.341167222,-0.086389404,cluster1,,0,0,0,0,0
ARL3,1.352039105,-0.016677465,0.346541026,0,cluster1,,0,0,0,0,0
CPA6,1.242899851,-0.190524046,0.364850355,0.489491293,cluster1,,0,0,0,0,0
ST8SIA5,5.273592895,0.744099769,0.372262234,0,cluster1,,0,1,0,0,0
OPA1,4.960958855,1.098258531,0.373616539,-0.348537758,cluster1,,0,0,0,0,0
FAM81A,1.69873817,0.8374482,0.381482448,-0.700968949,cluster1,,0,0,0,1,0
PRDX6,1.229258896,1.145595798,0.382601287,0.443350525,cluster1,ROS,0,0,0,0,1
PTCD3,4.561279621,0,0.386011673,3.11187958,cluster1,,0,0,0,0,0
DCUN1D2,1.846637864,-0.072607836,0,0.443350525,cluster1,,0,0,0,0,0
SLIRP,2.853295807,0.557075287,0.399753153,0,cluster1,,0,1,0,0,0
LEP,2.195337846,-0.385879561,3.286805581,0.578108426,cluster1,,0,0,0,1,0
HOXB13,1.322422467,-0.768283876,0.407976627,-0.302487422,cluster1,,0,0,0,0,0
RSPH9,4.960958855,0.904793359,0.42572938,-0.161696759,cluster1,,0,0,0,0,0
NEURL3,2.248691199,-0.315561281,0.432984221,0.09145664,cluster1,,0,1,0,0,0
TLCD5,1.104549896,0.155508238,0.436165837,-0.054602276,cluster1,,0,1,0,1,0
PSAP,4.561279621,-0.736876987,0.43972604,0.206184333,cluster1,,0,1,0,0,0
PIGW,4.561279621,0,0.447734443,0.7471129,cluster1,,0,0,0,0,0
MLLT11,5.530397833,0.185844764,0.455219313,-0.296724316,cluster1,,0,0,0,0,0
ZNF654,1.808911094,-0.043341194,0.462579099,0.094344543,cluster1,,0,0,0,0,0
PCDHGB4,4.561279621,-0.768283876,0.463430162,0.483497545,cluster1,,0,0,0,0,0
CCDC195,4.960958855,-3.997903788,0.464240022,-0.220671273,cluster1,,0,0,0,0,0
CD8B,1.055674666,-0.690952915,0.487305877,1.74990945,cluster1,,0,0,0,0,0
PXYLP1,1.427956397,-0.23332918,0.500977162,0.012557597,cluster1,,0,0,0,0,0
GCLM,3.138986298,3.261026801,0.502348591,-1.040218883,cluster1,ROS,0,1,0,1,1
ATP5F1A,5.530397833,1.098258531,-0.333655859,0.583961107,cluster1,,1,0,0,0,0
IQCA1L,2.496702178,0.191467158,0.507496573,-0.277209723,cluster1,,0,0,0,0,0
VPS33B,1.149693869,-0.05048347,0.514203419,0.173298534,cluster1,,1,0,0,0,0
ITGB7,4.561279621,0.361207661,0.517922107,0.533431446,cluster1,,0,0,0,0,0
NLRC3,3.138986298,-1.291421205,0.521764458,1.141618084,cluster1,,0,0,0,0,0
PHF8,1.02777824,0.04421935,0.526639851,0.040938344,cluster1,,0,0,0,0,0
SH3BGRL2,1.661586733,0.172380797,0.55382491,-0.465981316,cluster1,,0,0,0,0,0
AP2B1,1.292996796,0.219596215,0.55594771,0.011544301,cluster1,,1,0,0,0,0
RBM33,4.561279621,-3.997903788,0.557124756,-0.086631745,cluster1,,0,0,0,0,0
TERF2IP,1.466262526,0.305876552,0.560576507,-0.342257352,cluster1,,0,0,0,0,0
C2CD5,5.273592895,3.261026801,0.592021412,0.088131242,cluster1,,0,0,0,0,0
SLC7A9,1.050577265,0.389002265,0.592739952,3.11187958,cluster1,,0,0,0,0,0
PTPN14,1.379419923,0.229179239,-0.069194522,0.583961107,cluster1,,0,0,1,0,0
GCLC,1.430358887,-1.691005627,0.599519539,0,cluster1,ROS,0,1,0,0,1
LONP2,4.561279621,-4.552448006,0.603513416,-0.074964113,cluster1,,0,0,0,0,0
EVC,1.100681783,0.171350652,0.608253296,-0.009335643,cluster1,,0,0,0,0,0
RAB3GAP1,1.556771889,0.174727991,0.612301285,0.127531363,cluster1,,0,0,0,0,0
POGZ,1.351771294,-0.073788901,0.617495478,0,cluster1,,0,0,0,0,0
MRPS25,1.162643946,0.662481997,0.622660162,0,cluster1,,0,0,0,0,0
LMBR1L,1.936026974,-0.356788647,0.632489022,-3.231044725,cluster1,,0,1,0,1,0
PYCR2,4.561279621,4.183748551,0.641618324,-0.03873052,cluster1,,0,0,0,0,0
MSH5,4.561279621,-4.552448006,0.149981531,0.595527599,cluster1,,0,0,0,0,0
PCDHGB2,4.960958855,0.175536781,0.728484708,0.64565498,cluster1,,0,0,0,0,0
MYO6,1.20787212,0.330476375,-0.295508375,0.678946766,cluster1,,1,0,0,0,0
OSBPL1A,4.561279621,0,0.642554128,0,cluster1,,0,0,0,0,0
ARVCF,2.248691199,-0.435136368,0.64303067,-1.040218883,cluster1,,0,0,0,0,0
ABCC12,1.782812145,3.261026801,-3.063797244,0.794884425,cluster3,,0,0,1,0,0
EMP1,1.082346988,0.053981117,0.651865934,3.11187958,cluster1,,0,1,0,0,0
GNPNAT1,1.037349472,0.132941924,0.653988304,-0.321321375,cluster1,,0,0,0,0,0
ARID1B,1.266073236,0.302589752,0.655516378,0.794884425,cluster1,,0,1,0,0,0
MANF,4.960958855,0.185844764,0.65986204,0,cluster1,,0,0,0,0,0
CELF6,1.266370602,0.425227834,0.674785365,0,cluster1,,0,0,1,0,0
SLC22A14,4.561279621,4.183748551,0.679841,3.11187958,cluster1,,0,0,0,0,0
FFAR4,1.160675911,0.109894945,1.147135302,-0.081201642,cluster3,,0,1,0,1,0
FZD6,1.153651525,0.01177259,1.179834507,-0.639007232,cluster3,,0,0,0,0,0
PEX10,2.68598855,-0.090925895,1.196602915,-0.700968949,cluster3,,0,0,0,0,0
NHSL1,5.748324108,-0.21002887,1.405561811,-0.132863472,cluster3,,0,0,0,0,0
MRPL51,5.273592895,0.762759879,0.687248651,-0.231586949,cluster1,,0,0,0,0,0
RB1,5.530397833,-3.08549002,0.182155429,0.794884425,cluster1,,0,0,0,0,0
MIF4GD,2.496702178,1.145595798,0.69149747,0,cluster1,,0,0,0,0,0
H2BU1,2.080998824,0.601571501,0.163562766,1.214607516,cluster4,,0,0,0,0,0
AKAP5,1.999091244,0.477877054,1.94026043,4.581064655,cluster3,,0,0,0,0,0
CDAN1,1.155194127,-0.059171308,0.726088742,0,cluster1,,0,0,0,0,0
BEX5,2.513452682,0.433906889,0.727468649,0.111593779,cluster1,,0,0,0,0,0
CHD9,1.300630309,-0.064027961,0.727810565,-0.429642647,cluster1,,0,1,0,0,0
FGG,2.54254449,0.301563388,-0.25689654,1.74990945,cluster4,,0,0,0,0,0
JMJD6,4.561279621,0,0.747647237,0,cluster1,,0,0,0,0,0
ABLIM3,1.18409034,0.196841714,0.769315167,0.143774279,cluster1,,0,1,0,0,0
ULBP1,1.381411799,0.362031175,0.772323251,-0.046860085,cluster1,,0,0,0,0,0
PLPP4,1.063571518,0.208296866,2.176446434,5.550607958,cluster3,,0,0,0,0,0
TRIM33,1.479909163,-0.276286945,0.778881374,5.293716546,cluster1,,0,0,0,0,0
ZNF251,1.20196883,0.195563443,-3.063797244,2.12311007,cluster3,,0,0,0,0,0
BRD3,1.085523233,-0.114204247,0.791940321,-0.168072856,cluster1,,0,1,0,0,0
FAM83E,2.496702178,0.505208938,0.794848298,-0.126169312,cluster1,,0,0,0,0,0
RBMS1,1.451873016,-0.117272477,0.794848298,-0.392594459,cluster1,,0,0,0,0,0
MARCHF7,4.561279621,-3.08549002,0.797808633,0,cluster1,,0,0,0,0,0
SYNJ1,1.231934932,0.307732256,0.821656213,0.068548609,cluster1,,0,0,0,0,0
RESP18,1.229392001,-0.054675915,0.871843006,-0.134017949,cluster1,,0,0,0,1,0
TRAF4,1.26915952,0.06297908,-3.063797244,3.11187958,cluster3,,0,0,1,0,0
NDE1,1.079234776,0.013465464,2.421547269,3.11187958,cluster3,,0,1,0,0,0
CENPF,1.834749547,0.710943628,0.910648997,0,cluster1,,0,0,0,1,0
MAP3K21,1.067427725,0.476995475,0.93908266,-0.057476344,cluster1,,0,0,0,0,0
PGA4,1.181991314,-0.329269341,0.942428946,-0.104794458,cluster1,,0,0,0,0,0
TLR10,5.273592895,-0.06413317,2.421547269,-0.060478275,cluster3,,0,0,0,0,0
MTHFD1,1.047567917,0.365427928,0.956453393,-3.231044725,cluster1,,0,1,0,0,0
DSPP,1.644319183,-0.169039411,0.956453393,-0.092641788,cluster1,,0,0,0,0,0
ST8SIA2,5.530397833,0.191467158,1.01434644,-0.018387846,cluster1,,0,1,0,0,0
GPR6,1.139600892,-0.008969921,1.01434644,0.056831227,cluster1,,0,0,0,0,0
ZSCAN25,1.362313193,0.184310449,3.286805581,-0.077451388,cluster3,,0,0,0,0,0
NGF,2.455144082,0.981222741,1.033320729,0,cluster1,,0,0,0,0,0
MTRNR2L10,4.960958855,-4.552448006,1.147135302,0.397170921,cluster1,,0,0,0,0,0
CD68,4.960958855,1.656513537,1.147135302,-0.126169312,cluster1,,0,0,0,0,0
LCMT2,1.850172316,-0.397287173,3.286805581,0.169909559,cluster3,,0,0,0,0,0
CCDC12,5.93761048,3.261026801,1.147135302,0.227803702,cluster1,,0,1,0,0,0
ADH1C,4.960958855,0,1.147135302,-0.214734801,cluster1,,0,0,0,0,0
BBS9,4.561279621,-0.368699455,1.153356158,0,cluster1,,0,0,1,0,0
PRSS54,1.498245342,0.347156736,1.188442793,0.044599471,cluster1,,0,0,0,1,0
AK4,1.855521458,-0.562044249,3.286805581,1.35001993,cluster3,,0,0,0,0,0
TPM1,1.645740192,0.258155399,1.196602915,-0.034090105,cluster1,,1,1,0,1,0
PPP1R36,1.844243462,0.253167962,3.286805581,4.02592915,cluster3,,0,0,0,1,0
ZSWIM8,5.530397833,4.183748551,1.214110314,-0.606152608,cluster1,,0,0,0,0,0
EGFR,1.44585935,0.143023797,-1.587487653,3.11187958,cluster3,,0,0,1,0,0
SLAIN1,1.697209502,-0.217343957,3.286805581,-0.128690785,cluster3,,0,0,0,0,0
TXN,1.130088054,0.135920072,1.300034015,0.794884425,cluster1,ROS,0,1,0,0,1
XCR1,1.845746252,0.197001854,3.286805581,-1.108963656,cluster3,,0,0,0,0,0
NCKAP5,4.561279621,-3.08549002,1.364534164,-0.331958846,cluster1,,0,0,0,0,0
CCL25,2.193899735,-0.216039653,1.381257109,0.128254314,cluster1,,0,0,0,0,0
RPLP0,1.161245811,0.001296914,1.510502179,0.058111335,cluster1,,0,0,1,0,0
IVNS1ABP,4.561279621,0,1.566845705,0,cluster1,,1,0,0,0,0
GJB2,1.45906133,-0.34728454,1.986698152,-0.151421675,cluster1,,0,1,0,1,0
CPT1B,4.561279621,4.183748551,2.076282814,-0.155039796,cluster1,,0,0,0,0,0
LNP1,1.273472474,0.196375318,2.107648005,0.639516849,cluster1,,0,0,0,0,0
NFE2L2,3.263083527,0,2.107648005,0.021960028,cluster1,ROS,1,1,1,1,1
POMC,1.161726339,-0.134580306,2.176446434,0,cluster1,,0,0,0,0,0
LRRC47,1.45277801,-0.001859888,2.858525595,0,cluster1,,0,1,0,0,0
ACAT1,1.74977721,-0.085614519,3.286805581,0.020581494,cluster3,,0,0,0,0,0
OR7A5,1.181991314,-1.162597104,3.286805581,0.149584112,cluster1,,0,0,0,0,0
RGS9,1.423905611,-0.291648273,3.286805581,-0.030947276,cluster1,,0,1,0,0,0
ADGRF3,1.897075157,-1.555524194,3.286805581,-1.108963656,cluster1,,0,1,0,1,0
CEACAM5,5.530397833,-3.997903788,3.286805581,0.135586657,cluster1,,0,0,0,0,0
ZFAT,1.204852657,0.440034301,3.286805581,0,cluster1,,0,0,0,0,0
SNPH,1.064703958,-0.621166769,3.286805581,-0.029418304,cluster1,,0,1,0,0,0
DGKK,1.540857125,-0.924253659,3.286805581,0.657371898,cluster1,,0,0,0,0,0
KRTAP9-9,1.541281031,-0.053267947,3.286805581,0.330184611,cluster3,,0,0,0,0,0
ARHGEF28,4.561279621,3.261026801,3.286805581,-0.751908503,cluster1,,0,0,0,0,0
TMOD2,1.825695382,0.301756436,0.392791798,3.11187958,cluster4,,0,0,0,1,0
C10orf105,5.273592895,0.85833744,3.286805581,-0.849571272,cluster1,,0,0,0,0,0
TASOR2,1.499407805,0.138015109,1.002152917,3.11187958,cluster3,,1,0,0,0,0
TSPOAP1,1.285575629,-0.145554387,4.210932547,3.11187958,cluster4,,0,0,0,0,0
SSUH2,5.530397833,1.098258531,3.286805581,-0.128690785,cluster1,,0,0,0,0,0
FAM168A,2.278775903,-0.768283876,3.286805581,0,cluster1,,0,0,0,0,0
MTRNR2L11,2.278775903,0.744099769,3.286805581,0.241605484,cluster1,,0,0,0,0,0
MAP4K3,1.191822819,-0.311166175,4.210932547,-0.015567019,cluster3,,0,0,0,0,0
SELE,1.522929899,0.59105158,3.286805581,-0.126169312,cluster1,,0,0,0,0,0
TC2N,2.080998824,-0.329269341,3.286805581,-0.075143936,cluster1,,0,0,0,0,0
CLSPN,1.131062826,0.433587334,4.210932547,0,cluster3,,0,0,0,0,0
SOD2,1.714542395,0.059233024,3.286805581,0.127531363,cluster1,ROS,1,0,0,0,1
SDE2,4.960958855,0.175536781,3.286805581,0,cluster1,,1,1,0,0,0
SPTA1,4.561279621,0,3.286805581,-0.157538836,cluster1,,0,0,0,0,0
C11orf54,4.960958855,0.175536781,3.286805581,-1.113887143,cluster1,,0,0,0,0,0
FSIP2,1.931093351,-0.024480439,3.286805581,0.049586973,cluster1,,0,0,0,0,0
PRC1,1.247817358,-0.297507222,4.210932547,-0.235768611,cluster3,,0,0,0,0,0
MLKL,1.028898607,0.059023474,-0.360971343,4.02592915,cluster4,,1,0,0,0,0
CADM4,4.561279621,0.175536781,3.98487851,0.003413987,cluster1,,0,0,0,0,0
METTL3,2.455144082,0.344899365,0,4.02592915,cluster4,,1,0,0,0,0
LUC7L2,1.290669527,-0.569855773,4.210932547,-0.128690785,cluster3,,1,0,0,0,0
GOT2,1.173961078,-0.373430224,4.210932547,-3.231044725,cluster1,,1,0,0,0,0
TMEM235,2.650091546,0.19615245,4.210932547,-0.251960196,cluster3,,0,0,0,0,0
ARPC4,1.076449543,-0.384251463,4.210932547,-0.202397385,cluster1,,0,0,0,0,0
CPB1,1.522929899,-0.302414132,5.171445249,-0.074922206,cluster1,,0,0,0,0,0
TTN,2.853295807,1.098258531,4.769690633,0.157768359,cluster3,,0,0,0,0,0
COMP,5.273592895,3.261026801,5.961540486,-0.015386835,cluster1,,0,1,0,0,0
COLGALT2,5.530397833,-2.667511153,-3.063797244,0.299990012,cluster2,,0,1,0,0,0
ERVV-2,1.341462054,-1.082247715,-0.163905701,-0.24752213,cluster2,,0,0,0,0,0
GFRA3,4.960958855,-4.952032428,-0.151855764,-0.119165145,cluster2,,0,0,0,0,0
CLTB,1.171475477,-1.639491467,-0.118247449,1.398509496,cluster2,,0,1,0,0,0
ZNFX1,2.0029488,-1.68083255,-0.021607052,0,cluster2,,0,0,0,0,0
LSP1,4.561279621,-1.080860045,0,-0.016191754,cluster2,ROS,0,0,0,1,1
CRPPA,6.254823211,-1.249870808,0,-0.20183134,cluster2,,0,1,0,0,0
PGBD1,2.561017725,-1.912080132,0.121879717,-3.231044725,cluster2,,0,0,0,0,0
SNX3,3.483220181,-1.639491467,0.225372314,-0.004275013,cluster2,,0,1,0,0,0
IQCG,1.591838462,-1.874826637,0.250340748,-0.126169312,cluster2,,0,1,1,0,0
MYH10,2.0029488,-1.017881962,0.344056461,-3.231044725,cluster2,,0,0,0,0,0
NANOS1,1.308068851,-1.36709077,-3.063797244,0.41777172,cluster2,,0,0,0,0,0
SYT15,2.118393997,-1.207053053,0.104691987,0.58357794,cluster2,,0,1,0,0,0
GOLGA6D,4.561279621,-2.667511153,0.591959465,-0.027978716,cluster2,,0,0,1,0,0
UCK2,4.561279621,-4.952032428,0.638733609,0,cluster2,,0,0,0,0,0
KRTDAP,2.101581178,-1.574483126,1.196602915,0.051544279,cluster2,,0,0,0,0,0
C2orf68,1.015393844,-1.03347312,0.268905431,4.02592915,cluster2,,0,0,0,0,0